ca,symbol,name,launchpad,dev_wallet,funder,funder_label,fund_amount,funded_at,value_eth,gwei,max_gwei,priority_gwei,nonce,template,method,proxy_impl,proxy_kind,best_match,best_match_pct,candidate_team
0x7190Cb95dead29359eB9050f03Ce6bffBf2915c0,gigalon,gigalon,,0x62bc92B09cb1E825c13236BB44933F8F578E020d,0x12047dA80A6d4597385e5854Cb0Db05A58F1D766,Fresh Wallet,1.456315299222815053,2026-09-13T14:23:35.000Z,0,0.082664,0.163896,0,0,a3fcce81ca12de34d2968c48ffd3fb71e83788e59c5ff049fe2a13944f597596,ca20cf82,,,CATURN,86,team gigalon
0xE331eEdb3Bc25830e61b0b4835eB110cFb6288C8,INTEL,Intelena,,0xD3b1a221b44B1684F3180c65073E48f34b7E1295,0xf70da97812CB96acDF810712Aa562db8dfA3dbEF,Fresh Wallet,1.710748879339665347,2026-09-13T14:17:25.000Z,0,0.100464,0.1359,0.01571,0,a78b5f805b8a06dd7770e6d6a4d338563e17b2218f84fa6c3d98c1a640e6ae6b,815842cf,,,CPRINT,100,team INTEL
0xF06e9aE646AD8577fecaeC761ad224865603679A,UNITYPAD,UnityPad,,0x5a4489C162A755bdE0BE66C5a325bc4101ac8b4E,0x88D25C861938a91AF4ad57aD964a8fCc6c6351d3,Fresh Wallet,1.001046,2026-09-13T08:31:10.000Z,0.0505,0.08373,0.250998,0,3,fddc52e6a989781f3237260e3d490c071594d2b9e1a5554ec3bc121290ef3570,434d13e2,,,CEREBRO,100,team astro
0x0E3c3420dA3EF7Ee6aAD373dd2cdD968f57A0788,SOUP,Souperintelligence,,0xf3f573742a54ebf4aD7f274c5f2E8C24bDeeE33f,0x825849b5a90f640279eE31BfA94F213BC386a932,Fresh Wallet,1.035846672987542453,2026-09-13T06:16:01.000Z,0.72125,0.184438,0.267972,0.1,500,2c68143f53e825422f31720a627bd5156cac083ac5fede8a83875491cb7f9726,434d13e2,,,HABITS,100,team astro
0xD9E82b01fbD8EB7A59D456fEf3B56D39d90caa47,Grok,Grok coin,,0x26A387601ab2a4C7eF85a1e217431118F8a2783A,0x32240A2aB2300Da67517CAC052c1599CD9c801b5,Fresh Wallet,1.075333691036845605,2026-09-13T03:58:43.000Z,0,0.089636,0.181536,0,1,a3fcce81ca12de34d2968c48ffd3fb71e83788e59c5ff049fe2a13944f597596,ca20cf82,,,website,84,team gigalon
0x6b09c294eCC9fbE3285f0421EB76eBB6222adE64,Maple,Maple,,0x4797c3694C1e19ED8921eD7E2ae89F214b61bBAe,0x7ec61fEBf81237F1C4BDb085788297Aa9f92BfE6,Fresh Wallet,0.000001477688068241,2026-09-12T18:54:15.000Z,0.5,0.096561793,0.11562518,0.003503793,0,4ee095ba8f2a02a555f43c8594ad6893b4cc526afb6a855c63034efb77091e2a,ee8ec640,,,POLI,35,
0x0a8978Af87407f8B49ED91205f62DC9851cD73a2,WYND,Wynd Kaufmyn,,0xea267a4CC7EB0896A9Db8df971CA5714ee5d8939,0x59f21a6291Eb07d94BDedf19d6f5437B67b6e09f,Fresh Wallet,1.654126469486271608,2026-09-12T18:19:56.000Z,0.7005,0.098014,0.194484,0,0,2e3665089f0c8afdb3872e76b5254a7073b23aadb50faab6ea81ad40e196c929,434d13e2,,,DARIOO,99,team astro
0x22d047da13997E384Abc2F390Bc9495D7Ac54b7d,DARIOO,Be Like Dario,,0xE2733b15b2A05fca6B10EE122dDaC34cEbeB79f9,0xDBa55913136072f69f56e3336CbCc19410C12b48,Fresh Wallet,1.284967638289862904,2026-09-12T15:53:19.000Z,0.5005,0.098014,0.19344,0,0,559aca96fdafad372e09165817ce24712c2fa41e698de5553a63a967b7337536,434d13e2,,,WYND,99,team astro
0xa9b7966D16e4CA1D0A98e29fEb17cf9F6afFE8b7,DEGENFLY,Degenfly,,0xBA63CFa915627e8e357D2B86D2318b6775C00A83,0x26172c514Ea0B75A41BBb1E4f43BDF96FbC38A21,Fresh Wallet,1.954937687158505872,2026-09-12T14:50:07.000Z,0,0.116012,0.227788,0,0,a3fcce81ca12de34d2968c48ffd3fb71e83788e59c5ff049fe2a13944f597596,ca20cf82,,,gigalon,82,team gigalon
0x154B59D5edA4Ad58e947B85A4726dD016bBd2aE4,BUZZ,The buzz,,0x8948308111cfb2efa9ACd165215C7866fcF85e3D,0x85EA6C1D4B27E50314717a868eC440b71311E1C6,Fresh Wallet,1.522197908576216087,2026-09-12T14:36:37.000Z,0.5005,0.312314,0.618616,0,0,2a03288df11fcef40ce140d9930b4bcd5d7517f1126ff5ae5b9ee5d4d59d5f09,434d13e2,,,WYND,97,team astro
0xd7Bd847e838aBe9544B6414FA6EFCB0748a58532,ROYALE,Stock Royale,,0xf236E43e27383665DF6A07A5Bcf4a5147a0509c8,0xd1d9E9e2871Bf871d62e1b5Ae77d7d76Ab5FfaA2,,0.000010697528335795,2026-09-12T06:34:09.000Z,0.009180936817764918,0.099654,0.198164,0,0,7bde25f155c55ba057e305c5a5945a4f42ec19dfd4d4b510ebb4ddab579756c4,434d13e2,,,WYND,99,team astro
0x85BD531bA0787D14fF20aa5a3d49E0E44Ac9650C,HABITS,Habits,,0xcBB0820B4A0017Aa99eCB7B371015372b4025b26,0xf70da97812CB96acDF810712Aa562db8dfA3dbEF,Fresh Wallet,1.997672965362830033,2026-09-11T21:30:59.000Z,0.0205,1.26789401,2.13807925,0.00000001,9,aa3d9aca06378ee28e9655bd4d2f6ce39d5bb6ef26028e98351a0f2890896ac4,434d13e2,,,SOUP,100,team astro
0x4fFCE3A117e17076C072Fb95E447b2361f69763B,SAFEMOON,SAFEMOON,,0x4f3e722A6E74795ece9f3877e71B33589a2aEb5F,0xf70da97812CB96acDF810712Aa562db8dfA3dbEF,Fresh Wallet,1.019752542185147527,2026-09-11T15:27:40.000Z,0,0.109474,0.327066,0,5,e4bf61ff3f4cc405282d7d4e9432a7694953dd6080913038f52a5a798758d9ee,434d13e2,,,SOUP,100,team astro
0x7ff07f5437Eb22750617182f1AE91e050a45aF3C,NEXO,Nexora,,0x334A0E77228e7b5688daf511398b91B4FC93c78F,0xf70da97812CB96acDF810712Aa562db8dfA3dbEF,Fresh Wallet,1.096736512576656175,2026-09-11T10:44:50.000Z,0,0.111736,0.331236,0,0,5f6be2b00ed75f7fe8449c8b8c9bdc9fbbfd31321b89cab54e175daafd1af9a3,e6391060,,,PENNY,48,
0x73Fd518b4998Df42FBa3AE740865F374522baE2a,NCHIP,CHIP-NEURON,,0xa024cbA91ffC65C01880C1b553A63203EF0819e6,0x8Ba0eF7431e7ed6b82F8fD0D18a2A5632cF0aa01,Fresh Wallet,1.6000633896496,2026-09-11T07:50:57.000Z,1.5,0.116174,0.1392144,0,3,af3018e4b3566422eff5e45350e31cde0e30281259c341e89ecfa511b1b8836e,c1d28584,,,$SPY,100,team NCHIP
0x197de420B5a5Ce9420d25893835CA585d207FbC6,OPEC,OPEC,,0x7E97799d466322E7E7Ac35Ec7415D2901F6a6400,0xf70da97812CB96acDF810712Aa562db8dfA3dbEF,Fresh Wallet,1.48177589660698094,2026-09-10T19:48:26.000Z,0,0.132740001,0.258620001,0.000000001,0,0f3c2e497217537edde331834c53bfd19779c4db70a0f934e557f8b3525b4dd0,25cf9b6e,,,NYXPAY,48,
0x0c68aB86F630ACe540205b3fDDbe4b96058fA888,$SPY,S&P 500,,0xd81cca29c3500dB607eC87B71C8B368615b0b0b6,0x326af1F73828EACC9b60d285aa5e092fAA750518,Fresh Wallet,1.050077804401404,2026-09-10T15:11:16.000Z,1,0.192464,0.2277768,0,1,ee1560ed56612b043af58b974f51d3753b076f9a9d37738df6247f793cf72361,c1d28584,,,NCHIP,100,team NCHIP
0xCF32b9c1104C14e05a5B17a78618cbD70Bf42091,INLEX,Inlex Ai,,0x404CCceD80F57ff6f7CA74038B01AFe72B10db16,0xf70da97812CB96acDF810712Aa562db8dfA3dbEF,Fresh Wallet,11.044992441658300927,2026-09-10T08:47:25.000Z,11.002622705746944644,0.130342,0.1485294,0,1,4f7e649f156d10a59422da7e583135b93cc0d36069903a357624e7b2ff90d062,434d13e2,,,SOUP,100,team astro
0xCDE24D930DeDeddd6AB6faDF10adC416A1A0072A,ORBIT,Orbit Finance,,0xA9bFF5dA15F9A6d10D5D0326217F727D7418Fbf6,,,,,0.009158678005411674,0.165376,0.328532,0,0,480b84d2b8f4daa65274c44746d77f9c2c46a875567502fb96317801c9e3e88c,434d13e2,,,WYND,92,team astro
0x6a50F139F3eD4C9c7bDa0D067c5Ed09De1EEBbeA,CLAWNCH,CLAWNCH,,0xF6E0F0Fc7DC2F9A86aD889c86782712B62DCCdB9,0xf70da97812CB96acDF810712Aa562db8dfA3dbEF,Fresh Wallet,1.213922003654708278,2026-09-09T21:39:41.000Z,0.0005,0.172772,0.369244532,0,2,15dbea92739dc8b485dc197bb84ca86c22c3f95556c3be6379293ee54cf40fa2,434d13e2,,,SOUP,100,team astro
0x41bF9BfA1BB13758BdeF159486c218bcAbF2B79c,ROBINARY,Robinary,,0xc4f19029199a0ac59436f079fE27e458498802F6,0x4e58c1183b91df3708FB5861ff3531dc128E6e11,Fresh Wallet,1.9994,2026-09-09T21:00:43.000Z,0,0.174852,0.2183,0,0,418a367a5fe8bcba93244ad9c916ad01bb215db93166980204e0b46ac1b9356d,ca20cf82,,,HTANK,100,team ROBINARY
0xF6C8d04d7ACA7B207fF9631F7c2FAE7b31DBa6C0,MACBOOK,MACBOOK,,0x375b1278627827930eD9631E0b70EE10FB5f0Fd0,0x151c8e155ff77B2F25535848D5738Fa07320E467,Fresh Wallet,1.502650867526012692,2026-09-09T15:48:42.000Z,0,0.182786,0.361036,0,1,a3fcce81ca12de34d2968c48ffd3fb71e83788e59c5ff049fe2a13944f597596,ca20cf82,,,COMPUTER,86,team gigalon
0xaB86eaD8ee235fdeF69f80b753352862ed24c81c,CPRINT,ClosePrint,,0xC5C4c74D10cFe6feEB30772d7239cd8ED870B333,0xf70da97812CB96acDF810712Aa562db8dfA3dbEF,Fresh Wallet,1.686224057274562152,2026-09-09T14:15:26.000Z,0,0.224102,0.3013,0.03964,0,a78b5f805b8a06dd7770e6d6a4d338563e17b2218f84fa6c3d98c1a640e6ae6b,815842cf,,,INTEL,100,team INTEL
0xB98bF424fA411057500f737FdB773Ed874c98312,FLOOR,floor,,0x1d6E37120b325Ac0Eaa673Ac4769DCE86f6D8A53,0xf70da97812CB96acDF810712Aa562db8dfA3dbEF,Fresh Wallet,1.137021112788486065,2026-09-09T10:31:13.000Z,0,0.114636,0.1605,0.01,5,ee954567888d27ef5f6d08d90901f93bae9b92b879be8c26498442b2756a2a7c,c11e934e,,,NEXO,46,
0x0b265Da4Dc6d6C1d924058CF9900DB8d0d0c9135,Laptop,Slightly Used Laptop,,0xbBB6E184426faA0901226fd1370100CaCF40501a,0x7387600BEEe96846d38b37C12ad7b68b4fd218E1,Fresh Wallet,1.185794405022625008,2026-09-09T08:59:31.000Z,0,0.19896,0.397272,0,0,a3fcce81ca12de34d2968c48ffd3fb71e83788e59c5ff049fe2a13944f597596,ca20cf82,,,SAYLORMOON,88,team gigalon
0x3eca6E4e09Cfa8d59DeEafe4538A564ACef78ba9,website,this is not a website,,0x62F94830096381597998CD012f2484682B7A1469,0x10e94bA0050B19aBe1824BA7D725947734C4C7B4,Fresh Wallet,1.047282511751000253,2026-09-09T07:09:27.000Z,0,0.208188,0.415308,0,0,a3fcce81ca12de34d2968c48ffd3fb71e83788e59c5ff049fe2a13944f597596,ca20cf82,,,Laptop,87,team gigalon
0x1C5F0A1aaA4f2Ee657cbb95312E3b85DD54341D9,COMPUTER,It's a lot of computer,,0x4A289395677d8336391ffaf2D51C75201Bf9C054,0x117ADCC57F66376E793E3A76E58C92f51d0Ea717,Fresh Wallet,1.573312200050608276,2026-09-09T04:08:39.000Z,0,0.216958,0.431796,0,0,a3fcce81ca12de34d2968c48ffd3fb71e83788e59c5ff049fe2a13944f597596,ca20cf82,,,MACBOOK,86,team gigalon
0xA9384EB62343BB623DEAA6cBDAa0A7fd0E6c5F15,FORGE,Forge Systems,,0x61FF0d5f8829B6Bb3b36897261e4cA53e45ca8f0,0xBC7dDD2CBc069876219FCDc5C498EE75F4034f9B,Fresh Wallet,1.41,2026-09-09T01:17:31.000Z,0.0005,0.224218,0.3682416,0,5,ec433a6c725b1774c66d7bd8e0b8762536666a03f25e95aff6c1f600d2394660,434d13e2,,,BOOTS,100,team astro
0x34c65Bd35D0a081B3A2dEE84856ddDd8fD00E69e,NYSE,NYSE,,0x996649E19660ACDAA59F531938C4726f807c8884,0x8DA570823250aa92c480fFf674E267E252ac720f,Fresh Wallet,1.05,2026-09-09T01:03:10.000Z,0,0.201392001,0.253578093,0.000000001,141,d37877bbbbb5fec402d8cb227d33376472fda8f3483fbd23e5cbbf3d54a4fa06,677d4977,,,PANTHER,38,
0x63608fa42f0E1fd4427EcF548fFF59b4d71b71B0,BOOTS,Ranger Boots Strategy,,0xf35Bc09c2f3a05D6cf257dF7C8ca122dd2d4290f,0xaa54d2BA7B6bd4604a8680f0Bb3a63494F888Cb0,Fresh Wallet,1.2,2026-09-09T00:16:00.000Z,0.0005,0.226318,0.2837,0,2,050b60ee1803c54ef5d8c2d515062c2f01c17617da7f853f6dc6ba6bac55fd3d,434d13e2,,,SOUP,100,team astro
0xb0BE8A40a960c18CA274010102509A4C19048B2f,REAL,Real.fun,,0x68636D41cba4B794aE4A095F51e59fF53C7F6392,,,,,0,0.230026,0.472268,0,0,352b36cd7d7420e88ed3ece986af651e3c82abe757719f2d380f3aa1b2b52e07,3d3d7356,,,HTANK,7,
0x0cC4cec6a0350F5168320F0e4871A2C0B153A9D9,HTANK,HoodTank,,0x112b47528507AdB9f49845d180097aAF21D6BF3C,0x4e58c1183b91df3708FB5861ff3531dc128E6e11,Fresh Wallet,1.9994,2026-09-08T23:17:25.000Z,0,0.230764,0.2914,0,0,418a367a5fe8bcba93244ad9c916ad01bb215db93166980204e0b46ac1b9356d,ca20cf82,,,ROBINARY,100,team ROBINARY
0xd7Bac75b4455664078C78389f432F6837C814f2b,VLAD,Team Vlad,,0x40Ac6766855E77093F93A199Fb79F62f66506504,,,,,0.009114501076812635,0.240612,0.469872,0,8,a5f09748aca6d23836c4f7f72f4f209df93d483692a3e4d4f29cad4090433d58,434d13e2,,,CEREBRO,95,team astro
0xEb24a2663af4Ee979dCbfE39cB95B5F12D369c4B,CEREBRO,Cerebro,,0x9450B891561ebeEEc90Fc365c717Eae2F816CA1C,0x88D25C861938a91AF4ad57aD964a8fCc6c6351d3,Fresh Wallet,1.063349,2026-09-08T20:29:11.000Z,0.0005,0.238148,0.71889,0,1,537e57500c15c8ffbbb84eab068c95464630946fe60f7a36eba0e13d984fa3c8,434d13e2,,,UNITYPAD,100,team astro
0x0c54421BD4138A0Cd8D6a0534e22Ff0aAe8CDCCb,HP,Hood Points,,0x783C7ab79B1D09d706AEb29749f2c4a92127692f,,,,,0.0455,0.246018001,0.458,0.000000001,0,d5d8da9fba3becb04135cb671098ba670f861df4245a4383a8774ad48ff45c90,434d13e2,,,GME,95,team astro
0x439DeE9D1E9467d891D81d9C1fc4b47335879F38,NYXPAY,NyxPay,,0x06867FAaE05e257EA9fF9CC4c56a7e9ff207bCEf,0xf70da97812CB96acDF810712Aa562db8dfA3dbEF,Fresh Wallet,1.499655929212454232,2026-09-08T14:45:35.000Z,0,0.239904,0.723726,0,0,4c24906b2637382a2063bddb48b8e051575cb07ffe4db4ff2fc53b0bc98c32c8,2085e3dc,,,Data,78,
0x232eCBdb38040c93EEBf497121e1241067e937bF,GME,GREATEST MEME EVER,,0xCae85bD71c94F55270ffaC60D414124735f8E5bc,0xf70da97812CB96acDF810712Aa562db8dfA3dbEF,Fresh Wallet,1.980659875860014154,2026-09-08T12:30:07.000Z,0.0005,0.246882,0.419945,0,5,cceffbcd8b05f1d1009001da7d612ff1a8de5693c41c0c9eff9fd57bd0328611,434d13e2,,,SOUP,100,team astro
0x9781E25CCC7259d8FBFDC377D14AD51A894111c5,ADOGE,Artificial Doge,,0xa2dd5db0a1922Cc3Ff22A7aE7cC5e048CcF91AE1,0xDaEf7E34789227a8427CC8D9968b170c2984e1F5,Fresh Wallet,1.002904567474,2026-09-08T10:19:28.000Z,0,0.253086,0.75771,0,0,6ea75055a5a531fbcf5e6b9a9b5c9cfbef2491c1e0423adffa832099ada80068,e256730f,,,NEXO,41,
0x5B82fA862B29a5D0136EFaf392FDBcb6AFE1561e,SAYLORMOON,SAYLORMOON,,0xd6168e001E82e0B02deE0e9170A76cA18561a6D8,0xc22C7C4faC5aE02DC3988cB3076d1C25807A8bf4,Fresh Wallet,1.127598192332956527,2026-09-08T09:15:00.000Z,0,0.259756,0.515364,0,0,a3fcce81ca12de34d2968c48ffd3fb71e83788e59c5ff049fe2a13944f597596,ca20cf82,,,Laptop,88,team gigalon
0x8DfbFd3021E8b9c390a99C39747Ea4D295187BA0,4WALL,Robinwall,,0x254c0E1Fa0a899Ea9B5e4c901fd26a2f51FA9d68,0x8Ba0eF7431e7ed6b82F8fD0D18a2A5632cF0aa01,Fresh Wallet,1.050122871202776,2026-09-08T09:08:01.000Z,1,0.258254,0.3070704,0,0,c8d5b0c78e280857830a4b3d2557134602456124a4fb1397a0ae596ae6cddea2,c1d28584,,,NCHIP,100,team NCHIP
0xd4eC9fC5AEB1C49456cbd8943fd19e8310E371B3,SCRIP,SCRIP,,0x408FB1b6720ebB963105c863a4B229A6ceA9AD9e,0xf70da97812CB96acDF810712Aa562db8dfA3dbEF,Fresh Wallet,1.198283025906262234,2026-09-08T07:49:01.000Z,0,0.130318001,0.259832001,0.000000001,20,8ee4e4000f7438d6ccbc946e34dc26e279a880d3011c9e263a6f52da4237bd62,790862e1,,,CLAWNCH,46,
0xd46920a6FE69A4226e3c54EAfda9a553f65A5149,CATURN,CATURN,,0xD0175d37875ecBBb2cDF18E420059dE98cf97Ec8,0x73dAA35Bc413BF23fe17B6F453488Bc350809977,Fresh Wallet,1.508713350161765812,2026-09-08T03:07:12.000Z,0,0.290974,0.576872,0,0,a3fcce81ca12de34d2968c48ffd3fb71e83788e59c5ff049fe2a13944f597596,ca20cf82,,,UBER,88,team gigalon
0x97BafF797Fc44F3deBb50eb62e0E1175ca360000,PANTHER,PantherSwap V2,,0xEDFD1ca8ded909b98e25f817e09e020561BeEEE7,0xf70da97812CB96acDF810712Aa562db8dfA3dbEF,Fresh Wallet,1.073263731885727041,2026-09-08T02:08:06.000Z,0.0005,0.294192,0.594024,0,8,fc53108b698703951f755cf23da4175f3bdb0d95c462dd2bf6c90ebc749fa5eb,434d13e2,,,SOUP,100,team astro
0x5A2EF5CeF74A8A6CCc0e1Ca76a570Ba98e7e5E57,HOODOWS,Hoodows,,0xBbF26B716BB7cFA73f5cF2c6EaAa97E4315D4b69,0x4e58c1183b91df3708FB5861ff3531dc128E6e11,Fresh Wallet,1.9994,2026-09-07T22:18:22.000Z,0,0.304188,0.3737,0,0,418a367a5fe8bcba93244ad9c916ad01bb215db93166980204e0b46ac1b9356d,ca20cf82,,,ROBINARY,100,team ROBINARY
0xBe8189aC06C8E34191EC2Bb22Cc464ED1323A9fe,PENNY,Penny Plumbers,,0x6c03917c10EA8E25806AD142Abc911D06EA90e27,0xf70da97812CB96acDF810712Aa562db8dfA3dbEF,Fresh Wallet,1.099837928237296916,2026-09-07T22:07:09.000Z,1.0005,0.296004,0.89832,0,0,adcf1da5a407865c553cb13975a07311aa6bb3e5effde5042a36befb8c9c73a3,434d13e2,,,SOUP,100,team astro
0xdba07C9E580E8A4A24564097E93fd0CD7989F30a,ROBIN,ROBIN,,0x6C3Fa5973B14B3EaF8451D7c93B74dC8500b7929,0xf70da97812CB96acDF810712Aa562db8dfA3dbEF,Fresh Wallet,1.017939244153484402,2026-09-07T21:46:43.000Z,0,0.240152,0.726138,0,0,918e24c07b2cbd030d14bbbf77cebd1da59e1c24889cee3f9255975075e5f373,eb01477b,,,website,68,
0x173727CDe55cF8FE46fd2D9EF4a19D7188A14d3b,BYCOCKET,Robinhood Hat,,0x70Ee31F25f3b447c6f5288542706deB08C361F5b,0x88D25C861938a91AF4ad57aD964a8fCc6c6351d3,Fresh Wallet,1.728265,2026-09-07T21:39:26.000Z,0.0005,0.2973,0.61238,0,3,3827b0706de97a946873df08e071e46cd01f87d28d5d4d05172da768f549c1af,434d13e2,,,UNITYPAD,100,team astro
0xe26CF98e70Cfc08f23dbBBbA8db51D0c4d55F6cc,SAFEMOON,SafeMoon,,0x0E40E0Ba48fD733d358B385Cc8EC37c19028cc00,0xE2ddE1F765D5902F87A832143a108932ba96D52e,Fresh Wallet,1.155809167262169084,2026-09-07T21:24:42.000Z,0.079778,0.301282,0.91851,0,0,36453c08a515313bb13d63f5c961b1d9c923f976652e52b0e727322ea427190c,2416229f,0xd6Da7f07eE822C8538C901217b37D1e7d86c76E5,eip1167,PENNY,47,
0xA9414326203dd6CB2b3D7d7d78350a8a1F7438d8,Q,Quantlytica Bit for Equity,,0x4e4f15D84D8e9802a80f51E807e06997afe9b3A6,0x4F7E1149e04CbfeFEDFbD328068b2741A045cEC1,Fresh Wallet,1.352126070679649081,2026-09-07T18:10:48.000Z,1.2005,0.29948201,0.49012453,0.00000001,9,ba560b6c15bb443a60e42e4da08198c4eeb018e714a8f161239ce5186a15c228,434d13e2,,,PANTHER,97,team astro
0x1F27fe7B9708fAc9b8Df0e8816D6FD3a0dbC0ad5,EXR,Extra Hood Storage,,0x8F0625B04B2779d096C46C5630e0C26D3c19F922,0x4e58c1183b91df3708FB5861ff3531dc128E6e11,Fresh Wallet,1.9994,2026-09-07T17:43:12.000Z,0,0.30396,0.3859,0,0,418a367a5fe8bcba93244ad9c916ad01bb215db93166980204e0b46ac1b9356d,ca20cf82,,,ROBINARY,100,team ROBINARY
0x44A9DF2b5d5873029c45926a6642b2dc92f127Dd,POLI,Politician.Fun,,0xCd1D3dc20984e239a08B91Ae29aB3ddd664C21bA,0xEA4205AE1BF115b86edF1a22309b16960aB69E8c,Fresh Wallet,0.000001291882280276,2026-09-07T17:15:55.000Z,0.031673908869553079,0.308016,0.61348,0,0,09c317af6fb310939bc6c9e4574b45c040fccf599826813759b7f8f56999da6d,434d13e2,,,SOUP,100,team astro
0x55AE1d4C532fa686C168a0549DAc36c25309F0Ea,HOODIECOIN,HOODIECOIN,,0x825849b5a90f640279eE31BfA94F213BC386a932,0x1b67C57eeF522175F235808Ff8F638DfB5403E60,Fresh Wallet,1.940797171928178702,2026-09-07T13:58:28.000Z,0.663125000000000073,0.411738,0.719488,0.1,138,72f9188681086a3f659c065e2bc5f83e13df70d0cc538f5fd3a1f40e12b4a691,434d13e2,,,SOUP,100,team astro
0x3A38116302463a7B027d9bC5bc6137a52F213ea1,Data,Datarex,,0x95F3377c86F6502627C0FAf14bEA3aEd7Ceb246a,0xf70da97812CB96acDF810712Aa562db8dfA3dbEF,Fresh Wallet,1.454118484425561212,2026-09-07T13:52:01.000Z,0,0.312076,0.4395,0.003264,0,62eed8a3e443730c0ba73d507fc40bd6801ca7c69c0084b9231937cbc5efcadb,2085e3dc,,,ORE,100,team Data
0x8a13Bb78161F55bEaEAEa0203B7e66113678Be80,XYZ,XYZ coin,,0xe4c66944cC6E1EC0A7f6B01efbaaB3F59f4F6961,0x4632E0679060A9623a066311C54eC96a8634744F,Fresh Wallet,1.180429514970859093,2026-09-07T12:48:47.000Z,0,0.306142,0.616632,0,0,a3fcce81ca12de34d2968c48ffd3fb71e83788e59c5ff049fe2a13944f597596,ca20cf82,,,SAYLORMOON,88,team gigalon
0x96abd983C8EA716cE22c96d23c2B47e7d43f50Cd,WHITEHAT,WHITEHAT,,0x4994F24f7739C819956B45F99940dbD382898C02,0x8Ba0eF7431e7ed6b82F8fD0D18a2A5632cF0aa01,Fresh Wallet,1.000146366628936,2026-09-07T12:37:43.000Z,1,0.303912,0.3687576,0,0,47d87f78261e9c6f228d8a621930f6b1f03e7d6efe6282f804dfecc4b5a57bdc,c1d28584,,,NCHIP,100,team NCHIP
0x62A819bA1C873e5044a82210058250499327df05,RIVORA,Rivora,,0xC4833d3fD7A3BF7D17ABBb393b1Ef8fB3F483885,0xf70da97812CB96acDF810712Aa562db8dfA3dbEF,Fresh Wallet,1.269853824059159678,2026-09-07T10:36:26.000Z,0,0.411250001,0.501007781,0.000000001,0,6b9dcdfc727edffdda34e4feb43a0fb9ec55eee4a640f0f4b6505ead9936a382,de5eae38,,,PENNY,47,
0xF28f00d39C6aa5fF851978a70B6dD7340891FD5f,ROBBY,Robby,,0xFa3cd10C54b62f6FB6Bb16ED2E35357665BB6358,0xf70da97812CB96acDF810712Aa562db8dfA3dbEF,Fresh Wallet,1.990540977992496968,2026-09-07T10:33:55.000Z,0.0005,0.303934,0.512882,0,2,f5516f18ffc02acdefcd2ea7a6d317209843fd15b8668c12d9b8ba4ddf239c41,434d13e2,,,SOUP,100,team astro
0xb2a53f9C20cFb9581458d8c4188db7a0B2270EAd,UBER,Uber Driver,,0x38B5c63640a1bef141C27DFdD298ff52a69F588b,0xD553194E41e78C3EFA483359e2f2F278ad601CBE,Fresh Wallet,1.586546827204922032,2026-09-07T06:49:40.000Z,0,0.336826,0.66862,0,0,a3fcce81ca12de34d2968c48ffd3fb71e83788e59c5ff049fe2a13944f597596,ca20cf82,,,CATURN,88,team gigalon
0x41838DC5166A987F8b5E1F4B8dB22BBbd88e9AdC,NASDUCK,NASDUCK,,0x059531Ae0F8603969b881922300EF9F64d83D70B,0x158913a5491A82b14476851Dfc3F57F8FBBAe573,Fresh Wallet,1.100055899011724605,2026-09-07T03:10:18.000Z,0,0.349466,0.707968,0,0,a3fcce81ca12de34d2968c48ffd3fb71e83788e59c5ff049fe2a13944f597596,ca20cf82,,,website,86,team gigalon
0xf3203b152a88465ADcd2ea914d1667D15e01b6c3,COIN,BIT,,0xa7F92DC3AD09C1bC62f332F38EA4232e0E3f7Ad2,0xf70da97812CB96acDF810712Aa562db8dfA3dbEF,Fresh Wallet,1.572443203245467379,2026-09-07T02:40:37.000Z,0.0005,0.354822,0.703324,0,21,a5f6207daa70ae3c5532c5865467d1deabdf8609a5d63fdbfdf996f519736ea0,434d13e2,,,SOUP,100,team astro
0xD6127f456f7432A0890155522AC272B6eE78bBbb,HODL,Diamond Hands,,0xdeaA8C051053074B61f5D09b6543FEAbDf3F605a,0xfd3Cc7c8a2F26C13a9862f89A57833d63c9F10ff,Fresh Wallet,1.9998,2026-09-06T23:02:43.000Z,0,0.180566,0.362704,0,1044,24940565143e97fe2f2d3c396617446dba74ad4a323c1cabcd9657892fd902d6,ede3e1aa,,,astro,100,team astro
0xdE1a4B8927769f8b6Ed07e5d5F49E7f649EbCbbd,astro,astronaut,,0xdeaA8C051053074B61f5D09b6543FEAbDf3F605a,0xfd3Cc7c8a2F26C13a9862f89A57833d63c9F10ff,Fresh Wallet,1.9998,2026-09-06T23:02:43.000Z,0.782374999244934056,0.391306,0.671116,0.1,647,5a0f5667df43e9d8695f9adda1f60441832147d8304e5a9005480384b18d6aa4,434d13e2,,,UNITYPAD,100,team astro
0x80F05AA931319E46A658f6F7d549Ac9Ca767C34A,CULTURE,Culture,,0x2468968419e10897d02F00e66822696B3c0cf9C8,0xf70da97812CB96acDF810712Aa562db8dfA3dbEF,Fresh Wallet,1.61696429726112549,2026-09-06T15:02:09.000Z,0,0.36924853,0.526106064,0.00263053,1,b09ce8d6bf517a5c15efd550416b72962930b48bf26f3fc55595a314f1052d40,434d13e2,,,SOUP,100,team astro
0xdFEFF46129b666A6Fbf76e6ACE3b6218cd23f183,CRIF,Crifine,,0xeB41112362FA7C712584Ff93765c350b25740c06,0xf70da97812CB96acDF810712Aa562db8dfA3dbEF,Fresh Wallet,1.616678648671679802,2026-09-05T23:27:37.000Z,0,0.403848,0.5605,0.02868,0,a78b5f805b8a06dd7770e6d6a4d338563e17b2218f84fa6c3d98c1a640e6ae6b,815842cf,,,INTEL,100,team INTEL
0x40de99E3551dEeDDBAE26fA05Eeb33d0537EE20f,ELEPHANT,White Elephant,,0x8807f4626de8AB1f9c4f9EA8aB812401897220cD,0xE166Ae447D587485D1786B8F6294852D608E78E9,Fresh Wallet,0.000001238584776185,2026-09-10T19:05:30.000Z,0.0005,1.24,1.24,1.24,670,90364a8ca2ca170017ab277fae1f5af3c73de420b82685fba8a7ee4779dcaf43,434d13e2,,,SOUP,100,team astro
0xB2E9E3701Ad29F75cBd5F81e90866E029Fd01776,HOODGLE,Hoodgle,,0xa6A6E543Ab117668ff3db201cb020C8aF618a330,0x4e58c1183b91df3708FB5861ff3531dc128E6e11,Fresh Wallet,1.4494,2026-09-05T14:03:22.000Z,0,0.37958,0.4792,0,0,418a367a5fe8bcba93244ad9c916ad01bb215db93166980204e0b46ac1b9356d,ca20cf82,,,ROBINARY,100,team ROBINARY
0x5861EaAd052Ce737B2a522f80494455BBA047ff6,ARTCAT,Artificial Cash Cat,,0xDFB10eA98A1b8469224e034EEdA110A7f13EE773,0xf70da97812CB96acDF810712Aa562db8dfA3dbEF,Fresh Wallet,1.641808278295856881,2026-09-05T08:16:11.000Z,0.1005,0.391946,0.652472,0,1,adae3297bf9903baf28a4279b442e9cecb62f502de7cad63a78b6f89945abe4f,434d13e2,,,SOUP,100,team astro
0x3d6f0f78b18C1c4815587509A13fa96F62477a2B,NEIGHBOR,Neighborhood,,0x89E9927ba4E38A7AeF0E2D5D212555Fe3285F861,0x17e8c5592b9416FC28D4877B70fF6F828894Bc45,Fresh Wallet,0.000001428194189399,2026-09-04T23:15:47.000Z,0,0.216756,0.27422856,0,94549,2f92855509744462fb1f2d8c9e884a0390107ff43a64d7129b1e668c335df429,434d13e2,,,UNITYPAD,100,team astro
0xE4C88febB204fa79E1E951EAbC0Bc01fC0241B84,ELONGATE,Elongate,,0xdd3CdaBF806cd6258DB968b095E570eB1AB95E06,0xFB44B779CE55DAAc8216Fe36C09a4a4Ef3dA4631,Fresh Wallet,1.026634247061155631,2026-09-04T23:12:06.000Z,0,0.407092,0.805712,0,0,a3fcce81ca12de34d2968c48ffd3fb71e83788e59c5ff049fe2a13944f597596,ca20cf82,,,website,86,team gigalon
0x8EfD3bBD9A94D11AE654B72804A04f6A805c80f7,GI,Golden Inu,,0xA81a25D61B0C6f7C2bE26dE102231CB9Af53F0C0,,,,,0,1.648592001,3.295856001,0.000000001,1,22fc72ad77dbf0f1b465c52bf39b095d817ce413f2e35727be170da9f1a797f2,8240678b,,,Grok,1,
0xca3ce24FB1a6E7dB0003f9c785405A851E3F1e18,KPOP,KPOP,,0x4A09C6CD65A5cd7d663A096962BeaAE3429C49D8,,,,,0,0.395330172,0.554434584,0.002772172,2,f10f86b05965a827a332e6c73086f18026fbe3917f4bffbec3f938b3b5397b56,00000000,,,GME,18,
0x00009D479a2Ab915e9a55C020873D975cf816778,$ARROW,Arrow bundler,,0xEB777fA98e0e75Cd177B605b9445a9448649B9ec,0x06608694DC67D1100940c288AA4e7360f966eCcd,Fresh Wallet,1.509645675944854729,2026-09-04T17:34:28.000Z,0,0.973444,2.907432,0,0,dbb289106da8aa358dc32b55fa3da189421e014bdb3d319b3290b6da5ea91abf,886748fa,,,OPEC,38,
0xc2362AfF2A2a4CC1f48cF3Dab2C4e2605eb94BA3,GME,GameStop,,0xc8564726Aaa50cF006EA28C5ef2daDD85A26B723,0x3d30Ba2B23237BD1a3f2af7bc0AC116e9B26BeDC,Fresh Wallet,0.000001079941398568,2026-09-04T16:36:51.000Z,0,0.095884,0.12060174,0,780,f10f86b05965a827a332e6c73086f18026fbe3917f4bffbec3f938b3b5397b56,00000000,,,NEIGHBOR,32,
0x8620b1ED6AB043b4dE85597B74C333e0DF50a63e,ORE,Oreva,,0xA1BFF7a2D89381291335e2C8A51282bD183163cE,0xf70da97812CB96acDF810712Aa562db8dfA3dbEF,Fresh Wallet,1.597880613593299197,2026-09-04T15:14:49.000Z,0,0.433158,0.5854,0.065,0,0dd7c48c75a93dda8209e142b1c8c483d49b8ac76ca7be1991c51bcd2921d440,299dd626,,,Data,100,team Data
0x43304bA2ECE7CdB58d0c572B10ae64fC0697088a,GBC,Grok Bot Clinic,,0x80385b22d275B56b9DC0C90a8434649bCBa63E0e,0xc42983c4Da6c525e412DCf7a0fd0414271fDa05f,Fresh Wallet,1.591769025458054383,2026-09-04T02:21:53.000Z,0,0.325982,0.646804,0,0,a3fcce81ca12de34d2968c48ffd3fb71e83788e59c5ff049fe2a13944f597596,ca20cf82,,,COMPUTER,86,team gigalon