feature,value,qualified_token_count,global_token_count,unqualified_token_count,global_prevalence_pct,qualified_precision_pct,leading_team,team_purity_pct,fingerprint_strength,symbols,tokens
funder_1hop,0x4e58c1183b91df3708fb5861ff3531dc128e6e11,5,5,0,1.99,100.0,team robinary,100.0,93.52,ROBINARY|HTANK|HOODOWS|EXR|HOODGLE,0x41bF9BfA1BB13758BdeF159486c218bcAbF2B79c|0x0cC4cec6a0350F5168320F0e4871A2C0B153A9D9|0x5A2EF5CeF74A8A6CCc0e1Ca76a570Ba98e7e5E57|0x1F27fe7B9708fAc9b8Df0e8816D6FD3a0dbC0ad5|0xB2E9E3701Ad29F75cBd5F81e90866E029Fd01776
template_hash,418a367a5fe8bcba93244ad9c916ad01bb215db93166980204e0b46ac1b9356d,5,5,0,1.99,100.0,team robinary,100.0,93.52,ROBINARY|HTANK|HOODOWS|EXR|HOODGLE,0x41bF9BfA1BB13758BdeF159486c218bcAbF2B79c|0x0cC4cec6a0350F5168320F0e4871A2C0B153A9D9|0x5A2EF5CeF74A8A6CCc0e1Ca76a570Ba98e7e5E57|0x1F27fe7B9708fAc9b8Df0e8816D6FD3a0dbC0ad5|0xB2E9E3701Ad29F75cBd5F81e90866E029Fd01776
fund_amount,4663:1.9994,4,4,0,1.59,100.0,team robinary,100.0,91.18,ROBINARY|HTANK|HOODOWS|EXR,0x41bF9BfA1BB13758BdeF159486c218bcAbF2B79c|0x0cC4cec6a0350F5168320F0e4871A2C0B153A9D9|0x5A2EF5CeF74A8A6CCc0e1Ca76a570Ba98e7e5E57|0x1F27fe7B9708fAc9b8Df0e8816D6FD3a0dbC0ad5
funder_1hop,0x8ba0ef7431e7ed6b82f8fd0d18a2a5632cf0aa01,3,3,0,1.2,100.0,team nchip,100.0,88.99,NCHIP|4WALL|WHITEHAT,0x73Fd518b4998Df42FBa3AE740865F374522baE2a|0x8DfbFd3021E8b9c390a99C39747Ea4D295187BA0|0x96abd983C8EA716cE22c96d23c2B47e7d43f50Cd
method_selector,815842cf,3,3,0,1.2,100.0,team intel,100.0,88.99,INTEL|CPRINT|CRIF,0xE331eEdb3Bc25830e61b0b4835eB110cFb6288C8|0xaB86eaD8ee235fdeF69f80b753352862ed24c81c|0xdFEFF46129b666A6Fbf76e6ACE3b6218cd23f183
template_hash,a78b5f805b8a06dd7770e6d6a4d338563e17b2218f84fa6c3d98c1a640e6ae6b,3,3,0,1.2,100.0,team intel,100.0,88.99,INTEL|CPRINT|CRIF,0xE331eEdb3Bc25830e61b0b4835eB110cFb6288C8|0xaB86eaD8ee235fdeF69f80b753352862ed24c81c|0xdFEFF46129b666A6Fbf76e6ACE3b6218cd23f183
dev_wallet,0xdeaa8c051053074b61f5d09b6543feabdf3f605a,2,2,0,0.8,100.0,team astro,100.0,87.03,HODL|astro,0xD6127f456f7432A0890155522AC272B6eE78bBbb|0xdE1a4B8927769f8b6Ed07e5d5F49E7f649EbCbbd
fund_amount,4663:1.0501,2,2,0,0.8,100.0,team nchip,100.0,87.03,$SPY|4WALL,0x0c68aB86F630ACe540205b3fDDbe4b96058fA888|0x8DfbFd3021E8b9c390a99C39747Ea4D295187BA0
fund_amount,4663:1.9998,2,2,0,0.8,100.0,team astro,100.0,87.03,HODL|astro,0xD6127f456f7432A0890155522AC272B6eE78bBbb|0xdE1a4B8927769f8b6Ed07e5d5F49E7f649EbCbbd
funder_1hop,0xfd3cc7c8a2f26c13a9862f89a57833d63c9f10ff,2,2,0,0.8,100.0,team astro,100.0,87.03,HODL|astro,0xD6127f456f7432A0890155522AC272B6eE78bBbb|0xdE1a4B8927769f8b6Ed07e5d5F49E7f649EbCbbd
gwei,4663:0.098014,2,2,0,0.8,100.0,team astro,100.0,87.03,WYND|DARIOO,0x0a8978Af87407f8B49ED91205f62DC9851cD73a2|0x22d047da13997E384Abc2F390Bc9495D7Ac54b7d
nonce,9,2,2,0,0.8,100.0,team astro,100.0,87.03,HABITS|Q,0x85BD531bA0787D14fF20aa5a3d49E0E44Ac9650C|0xA9414326203dd6CB2b3D7d7d78350a8a1F7438d8
value_eth,4663:0.5005,2,2,0,0.8,100.0,team astro,100.0,87.03,DARIOO|BUZZ,0x22d047da13997E384Abc2F390Bc9495D7Ac54b7d|0x154B59D5edA4Ad58e947B85A4726dD016bBd2aE4
method_selector,c1d28584,4,5,1,1.99,80.0,team nchip,100.0,85.52,NCHIP|$SPY|4WALL|WHITEHAT,0x73Fd518b4998Df42FBa3AE740865F374522baE2a|0x0c68aB86F630ACe540205b3fDDbe4b96058fA888|0x8DfbFd3021E8b9c390a99C39747Ea4D295187BA0|0x96abd983C8EA716cE22c96d23c2B47e7d43f50Cd
value_eth,4663:1,3,6,3,2.39,50.0,team nchip,100.0,74.46,$SPY|4WALL|WHITEHAT,0x0c68aB86F630ACe540205b3fDDbe4b96058fA888|0x8DfbFd3021E8b9c390a99C39747Ea4D295187BA0|0x96abd983C8EA716cE22c96d23c2B47e7d43f50Cd
template_hash,a3fcce81ca12de34d2968c48ffd3fb71e83788e59c5ff049fe2a13944f597596,14,32,18,12.75,43.75,team gigalon,100.0,73.29,gigalon|Grok|DEGENFLY|MACBOOK|Laptop|website|COMPUTER|SAYLORMOON|CATURN|XYZ|UBER|NASDUCK|ELONGATE|GBC,0x7190Cb95dead29359eB9050f03Ce6bffBf2915c0|0xD9E82b01fbD8EB7A59D456fEf3B56D39d90caa47|0xa9b7966D16e4CA1D0A98e29fEb17cf9F6afFE8b7|0xF6C8d04d7ACA7B207fF9631F7c2FAE7b31DBa6C0|0x0b265Da4Dc6d6C1d924058CF9900DB8d0d0c9135|0x3eca6E4e09Cfa8d59DeEafe4538A564ACef78ba9|0x1C5F0A1aaA4f2Ee657cbb95312E3b85DD54341D9|0x5B82fA862B29a5D0136EFaf392FDBcb6AFE1561e|0xd46920a6FE69A4226e3c54EAfda9a553f65A5149|0x8a13Bb78161F55bEaEAEa0203B7e66113678Be80|0xb2a53f9C20cFb9581458d8c4188db7a0B2270EAd|0x41838DC5166A987F8b5E1F4B8dB22BBbd88e9AdC|0xE4C88febB204fa79E1E951EAbC0Bc01fC0241B84|0x43304bA2ECE7CdB58d0c572B10ae64fC0697088a
nonce,8,2,4,2,1.59,50.0,team astro,100.0,72.68,VLAD|PANTHER,0xd7Bac75b4455664078C78389f432F6837C814f2b|0x97BafF797Fc44F3deBb50eb62e0E1175ca360000
priority_gwei,4663:0.00000001,2,4,2,1.59,50.0,team astro,100.0,72.68,HABITS|Q,0x85BD531bA0787D14fF20aa5a3d49E0E44Ac9650C|0xA9414326203dd6CB2b3D7d7d78350a8a1F7438d8
nonce,5,4,6,2,2.39,66.67,team astro,75.0,71.63,SAFEMOON|FLOOR|FORGE|GME,0x4fFCE3A117e17076C072Fb95E447b2361f69763B|0xB98bF424fA411057500f737FdB773Ed874c98312|0xA9384EB62343BB623DEAA6cBDAa0A7fd0E6c5F15|0x232eCBdb38040c93EEBf497121e1241067e937bF
value_eth,4663:0.0005,10,35,25,13.94,28.57,team astro,100.0,69.18,CLAWNCH|FORGE|BOOTS|CEREBRO|GME|PANTHER|BYCOCKET|ROBBY|COIN|ELEPHANT,0x6a50F139F3eD4C9c7bDa0D067c5Ed09De1EEBbeA|0xA9384EB62343BB623DEAA6cBDAa0A7fd0E6c5F15|0x63608fa42f0E1fd4427EcF548fFF59b4d71b71B0|0xEb24a2663af4Ee979dCbfE39cB95B5F12D369c4B|0x232eCBdb38040c93EEBf497121e1241067e937bF|0x97BafF797Fc44F3deBb50eb62e0E1175ca360000|0x173727CDe55cF8FE46fd2D9EF4a19D7188A14d3b|0xF28f00d39C6aa5fF851978a70B6dD7340891FD5f|0xf3203b152a88465ADcd2ea914d1667D15e01b6c3|0x40de99E3551dEeDDBAE26fA05Eeb33d0537EE20f
priority_gwei,4663:0.1,3,10,7,3.98,30.0,team astro,100.0,67.83,SOUP|HOODIECOIN|astro,0x0E3c3420dA3EF7Ee6aAD373dd2cdD968f57A0788|0x55AE1d4C532fa686C168a0549DAc36c25309F0Ea|0xdE1a4B8927769f8b6Ed07e5d5F49E7f649EbCbbd
method_selector,2085e3dc,2,2,0,0.8,100.0,team data,50.0,67.03,NYXPAY|Data,0x439DeE9D1E9467d891D81d9C1fc4b47335879F38|0x3A38116302463a7B027d9bC5bc6137a52F213ea1
method_selector,434d13e2,30,110,80,43.82,27.27,team astro,100.0,64.78,UNITYPAD|SOUP|WYND|DARIOO|BUZZ|ROYALE|HABITS|SAFEMOON|INLEX|ORBIT|CLAWNCH|FORGE|BOOTS|VLAD|CEREBRO|HP|GME|PANTHER|PENNY|BYCOCKET|Q|POLI|HOODIECOIN|ROBBY|COIN|astro|CULTURE|ELEPHANT|ARTCAT|NEIGHBOR,0xF06e9aE646AD8577fecaeC761ad224865603679A|0x0E3c3420dA3EF7Ee6aAD373dd2cdD968f57A0788|0x0a8978Af87407f8B49ED91205f62DC9851cD73a2|0x22d047da13997E384Abc2F390Bc9495D7Ac54b7d|0x154B59D5edA4Ad58e947B85A4726dD016bBd2aE4|0xd7Bd847e838aBe9544B6414FA6EFCB0748a58532|0x85BD531bA0787D14fF20aa5a3d49E0E44Ac9650C|0x4fFCE3A117e17076C072Fb95E447b2361f69763B|0xCF32b9c1104C14e05a5B17a78618cbD70Bf42091|0xCDE24D930DeDeddd6AB6faDF10adC416A1A0072A|0x6a50F139F3eD4C9c7bDa0D067c5Ed09De1EEBbeA|0xA9384EB62343BB623DEAA6cBDAa0A7fd0E6c5F15|0x63608fa42f0E1fd4427EcF548fFF59b4d71b71B0|0xd7Bac75b4455664078C78389f432F6837C814f2b|0xEb24a2663af4Ee979dCbfE39cB95B5F12D369c4B|0x0c54421BD4138A0Cd8D6a0534e22Ff0aAe8CDCCb|0x232eCBdb38040c93EEBf497121e1241067e937bF|0x97BafF797Fc44F3deBb50eb62e0E1175ca360000|0xBe8189aC06C8E34191EC2Bb22Cc464ED1323A9fe|0x173727CDe55cF8FE46fd2D9EF4a19D7188A14d3b|0xA9414326203dd6CB2b3D7d7d78350a8a1F7438d8|0x44A9DF2b5d5873029c45926a6642b2dc92f127Dd|0x55AE1d4C532fa686C168a0549DAc36c25309F0Ea|0xF28f00d39C6aa5fF851978a70B6dD7340891FD5f|0xf3203b152a88465ADcd2ea914d1667D15e01b6c3|0xdE1a4B8927769f8b6Ed07e5d5F49E7f649EbCbbd|0x80F05AA931319E46A658f6F7d549Ac9Ca767C34A|0x40de99E3551dEeDDBAE26fA05Eeb33d0537EE20f|0x5861EaAd052Ce737B2a522f80494455BBA047ff6|0x3d6f0f78b18C1c4815587509A13fa96F62477a2B
nonce,3,3,5,2,1.99,60.0,team astro,66.67,64.19,UNITYPAD|NCHIP|BYCOCKET,0xF06e9aE646AD8577fecaeC761ad224865603679A|0x73Fd518b4998Df42FBa3AE740865F374522baE2a|0x173727CDe55cF8FE46fd2D9EF4a19D7188A14d3b
method_selector,ca20cf82,19,38,19,15.14,50.0,team gigalon,73.68,63.72,gigalon|Grok|DEGENFLY|ROBINARY|MACBOOK|Laptop|website|COMPUTER|HTANK|SAYLORMOON|CATURN|HOODOWS|EXR|XYZ|UBER|NASDUCK|HOODGLE|ELONGATE|GBC,0x7190Cb95dead29359eB9050f03Ce6bffBf2915c0|0xD9E82b01fbD8EB7A59D456fEf3B56D39d90caa47|0xa9b7966D16e4CA1D0A98e29fEb17cf9F6afFE8b7|0x41bF9BfA1BB13758BdeF159486c218bcAbF2B79c|0xF6C8d04d7ACA7B207fF9631F7c2FAE7b31DBa6C0|0x0b265Da4Dc6d6C1d924058CF9900DB8d0d0c9135|0x3eca6E4e09Cfa8d59DeEafe4538A564ACef78ba9|0x1C5F0A1aaA4f2Ee657cbb95312E3b85DD54341D9|0x0cC4cec6a0350F5168320F0e4871A2C0B153A9D9|0x5B82fA862B29a5D0136EFaf392FDBcb6AFE1561e|0xd46920a6FE69A4226e3c54EAfda9a553f65A5149|0x5A2EF5CeF74A8A6CCc0e1Ca76a570Ba98e7e5E57|0x1F27fe7B9708fAc9b8Df0e8816D6FD3a0dbC0ad5|0x8a13Bb78161F55bEaEAEa0203B7e66113678Be80|0xb2a53f9C20cFb9581458d8c4188db7a0B2270EAd|0x41838DC5166A987F8b5E1F4B8dB22BBbd88e9AdC|0xB2E9E3701Ad29F75cBd5F81e90866E029Fd01776|0xE4C88febB204fa79E1E951EAbC0Bc01fC0241B84|0x43304bA2ECE7CdB58d0c572B10ae64fC0697088a
funder_1hop,0x88d25c861938a91af4ad57ad964a8fcc6c6351d3,3,17,14,6.77,17.65,team astro,100.0,62.96,UNITYPAD|CEREBRO|BYCOCKET,0xF06e9aE646AD8577fecaeC761ad224865603679A|0xEb24a2663af4Ee979dCbfE39cB95B5F12D369c4B|0x173727CDe55cF8FE46fd2D9EF4a19D7188A14d3b
nonce,2,4,12,8,4.78,33.33,team astro,75.0,61.06,CLAWNCH|BOOTS|ROBBY|KPOP,0x6a50F139F3eD4C9c7bDa0D067c5Ed09De1EEBbeA|0x63608fa42f0E1fd4427EcF548fFF59b4d71b71B0|0xF28f00d39C6aa5fF851978a70B6dD7340891FD5f|0xca3ce24FB1a6E7dB0003f9c785405A851E3F1e18
funder_label,fresh wallet,68,68,0,27.09,100.0,team astro,39.71,60.57,gigalon|INTEL|UNITYPAD|SOUP|Grok|Maple|WYND|DARIOO|DEGENFLY|BUZZ|HABITS|SAFEMOON|NEXO|NCHIP|OPEC|$SPY|INLEX|CLAWNCH|ROBINARY|MACBOOK|CPRINT|FLOOR|Laptop|website|COMPUTER|FORGE|NYSE|BOOTS|HTANK|CEREBRO|NYXPAY|GME|ADOGE|SAYLORMOON|4WALL|SCRIP|CATURN|PANTHER|HOODOWS|PENNY|ROBIN|BYCOCKET|SAFEMOON|Q|EXR|POLI|HOODIECOIN|Data|XYZ|WHITEHAT|RIVORA|ROBBY|UBER|NASDUCK|COIN|HODL|astro|CULTURE|CRIF|ELEPHANT|HOODGLE|ARTCAT|NEIGHBOR|ELONGATE|$ARROW|GME|ORE|GBC,0x7190Cb95dead29359eB9050f03Ce6bffBf2915c0|0xE331eEdb3Bc25830e61b0b4835eB110cFb6288C8|0xF06e9aE646AD8577fecaeC761ad224865603679A|0x0E3c3420dA3EF7Ee6aAD373dd2cdD968f57A0788|0xD9E82b01fbD8EB7A59D456fEf3B56D39d90caa47|0x6b09c294eCC9fbE3285f0421EB76eBB6222adE64|0x0a8978Af87407f8B49ED91205f62DC9851cD73a2|0x22d047da13997E384Abc2F390Bc9495D7Ac54b7d|0xa9b7966D16e4CA1D0A98e29fEb17cf9F6afFE8b7|0x154B59D5edA4Ad58e947B85A4726dD016bBd2aE4|0x85BD531bA0787D14fF20aa5a3d49E0E44Ac9650C|0x4fFCE3A117e17076C072Fb95E447b2361f69763B|0x7ff07f5437Eb22750617182f1AE91e050a45aF3C|0x73Fd518b4998Df42FBa3AE740865F374522baE2a|0x197de420B5a5Ce9420d25893835CA585d207FbC6|0x0c68aB86F630ACe540205b3fDDbe4b96058fA888|0xCF32b9c1104C14e05a5B17a78618cbD70Bf42091|0x6a50F139F3eD4C9c7bDa0D067c5Ed09De1EEBbeA|0x41bF9BfA1BB13758BdeF159486c218bcAbF2B79c|0xF6C8d04d7ACA7B207fF9631F7c2FAE7b31DBa6C0|0xaB86eaD8ee235fdeF69f80b753352862ed24c81c|0xB98bF424fA411057500f737FdB773Ed874c98312|0x0b265Da4Dc6d6C1d924058CF9900DB8d0d0c9135|0x3eca6E4e09Cfa8d59DeEafe4538A564ACef78ba9|0x1C5F0A1aaA4f2Ee657cbb95312E3b85DD54341D9|0xA9384EB62343BB623DEAA6cBDAa0A7fd0E6c5F15|0x34c65Bd35D0a081B3A2dEE84856ddDd8fD00E69e|0x63608fa42f0E1fd4427EcF548fFF59b4d71b71B0|0x0cC4cec6a0350F5168320F0e4871A2C0B153A9D9|0xEb24a2663af4Ee979dCbfE39cB95B5F12D369c4B|0x439DeE9D1E9467d891D81d9C1fc4b47335879F38|0x232eCBdb38040c93EEBf497121e1241067e937bF|0x9781E25CCC7259d8FBFDC377D14AD51A894111c5|0x5B82fA862B29a5D0136EFaf392FDBcb6AFE1561e|0x8DfbFd3021E8b9c390a99C39747Ea4D295187BA0|0xd4eC9fC5AEB1C49456cbd8943fd19e8310E371B3|0xd46920a6FE69A4226e3c54EAfda9a553f65A5149|0x97BafF797Fc44F3deBb50eb62e0E1175ca360000|0x5A2EF5CeF74A8A6CCc0e1Ca76a570Ba98e7e5E57|0xBe8189aC06C8E34191EC2Bb22Cc464ED1323A9fe|0xdba07C9E580E8A4A24564097E93fd0CD7989F30a|0x173727CDe55cF8FE46fd2D9EF4a19D7188A14d3b|0xe26CF98e70Cfc08f23dbBBbA8db51D0c4d55F6cc|0xA9414326203dd6CB2b3D7d7d78350a8a1F7438d8|0x1F27fe7B9708fAc9b8Df0e8816D6FD3a0dbC0ad5|0x44A9DF2b5d5873029c45926a6642b2dc92f127Dd|0x55AE1d4C532fa686C168a0549DAc36c25309F0Ea|0x3A38116302463a7B027d9bC5bc6137a52F213ea1|0x8a13Bb78161F55bEaEAEa0203B7e66113678Be80|0x96abd983C8EA716cE22c96d23c2B47e7d43f50Cd|0x62A819bA1C873e5044a82210058250499327df05|0xF28f00d39C6aa5fF851978a70B6dD7340891FD5f|0xb2a53f9C20cFb9581458d8c4188db7a0B2270EAd|0x41838DC5166A987F8b5E1F4B8dB22BBbd88e9AdC|0xf3203b152a88465ADcd2ea914d1667D15e01b6c3|0xD6127f456f7432A0890155522AC272B6eE78bBbb|0xdE1a4B8927769f8b6Ed07e5d5F49E7f649EbCbbd|0x80F05AA931319E46A658f6F7d549Ac9Ca767C34A|0xdFEFF46129b666A6Fbf76e6ACE3b6218cd23f183|0x40de99E3551dEeDDBAE26fA05Eeb33d0537EE20f|0xB2E9E3701Ad29F75cBd5F81e90866E029Fd01776|0x5861EaAd052Ce737B2a522f80494455BBA047ff6|0x3d6f0f78b18C1c4815587509A13fa96F62477a2B|0xE4C88febB204fa79E1E951EAbC0Bc01fC0241B84|0x00009D479a2Ab915e9a55C020873D975cf816778|0xc2362AfF2A2a4CC1f48cF3Dab2C4e2605eb94BA3|0x8620b1ED6AB043b4dE85597B74C333e0DF50a63e|0x43304bA2ECE7CdB58d0c572B10ae64fC0697088a
funder_1hop,0xf70da97812cb96acdf810712aa562db8dfa3dbef,23,33,10,13.15,69.7,team astro,47.83,58.8,INTEL|HABITS|SAFEMOON|NEXO|OPEC|INLEX|CLAWNCH|CPRINT|FLOOR|NYXPAY|GME|SCRIP|PANTHER|PENNY|ROBIN|Data|RIVORA|ROBBY|COIN|CULTURE|CRIF|ARTCAT|ORE,0xE331eEdb3Bc25830e61b0b4835eB110cFb6288C8|0x85BD531bA0787D14fF20aa5a3d49E0E44Ac9650C|0x4fFCE3A117e17076C072Fb95E447b2361f69763B|0x7ff07f5437Eb22750617182f1AE91e050a45aF3C|0x197de420B5a5Ce9420d25893835CA585d207FbC6|0xCF32b9c1104C14e05a5B17a78618cbD70Bf42091|0x6a50F139F3eD4C9c7bDa0D067c5Ed09De1EEBbeA|0xaB86eaD8ee235fdeF69f80b753352862ed24c81c|0xB98bF424fA411057500f737FdB773Ed874c98312|0x439DeE9D1E9467d891D81d9C1fc4b47335879F38|0x232eCBdb38040c93EEBf497121e1241067e937bF|0xd4eC9fC5AEB1C49456cbd8943fd19e8310E371B3|0x97BafF797Fc44F3deBb50eb62e0E1175ca360000|0xBe8189aC06C8E34191EC2Bb22Cc464ED1323A9fe|0xdba07C9E580E8A4A24564097E93fd0CD7989F30a|0x3A38116302463a7B027d9bC5bc6137a52F213ea1|0x62A819bA1C873e5044a82210058250499327df05|0xF28f00d39C6aa5fF851978a70B6dD7340891FD5f|0xf3203b152a88465ADcd2ea914d1667D15e01b6c3|0x80F05AA931319E46A658f6F7d549Ac9Ca767C34A|0xdFEFF46129b666A6Fbf76e6ACE3b6218cd23f183|0x5861EaAd052Ce737B2a522f80494455BBA047ff6|0x8620b1ED6AB043b4dE85597B74C333e0DF50a63e
nonce,1,8,27,19,10.76,29.63,team astro,50.0,50.35,Grok|$SPY|INLEX|MACBOOK|CEREBRO|CULTURE|ARTCAT|GI,0xD9E82b01fbD8EB7A59D456fEf3B56D39d90caa47|0x0c68aB86F630ACe540205b3fDDbe4b96058fA888|0xCF32b9c1104C14e05a5B17a78618cbD70Bf42091|0xF6C8d04d7ACA7B207fF9631F7c2FAE7b31DBa6C0|0xEb24a2663af4Ee979dCbfE39cB95B5F12D369c4B|0x80F05AA931319E46A658f6F7d549Ac9Ca767C34A|0x5861EaAd052Ce737B2a522f80494455BBA047ff6|0x8EfD3bBD9A94D11AE654B72804A04f6A805c80f7
launchpad,pons,75,222,147,88.45,33.78,team astro,41.33,40.42,gigalon|INTEL|UNITYPAD|SOUP|Grok|Maple|WYND|DARIOO|DEGENFLY|BUZZ|ROYALE|HABITS|SAFEMOON|NEXO|NCHIP|OPEC|$SPY|INLEX|ORBIT|CLAWNCH|ROBINARY|MACBOOK|CPRINT|FLOOR|Laptop|website|COMPUTER|FORGE|NYSE|BOOTS|REAL|HTANK|VLAD|CEREBRO|HP|NYXPAY|GME|ADOGE|SAYLORMOON|4WALL|SCRIP|CATURN|PANTHER|HOODOWS|PENNY|ROBIN|BYCOCKET|SAFEMOON|Q|EXR|POLI|HOODIECOIN|Data|XYZ|WHITEHAT|RIVORA|ROBBY|UBER|NASDUCK|COIN|HODL|astro|CULTURE|CRIF|ELEPHANT|HOODGLE|ARTCAT|NEIGHBOR|ELONGATE|GI|KPOP|$ARROW|GME|ORE|GBC,0x7190Cb95dead29359eB9050f03Ce6bffBf2915c0|0xE331eEdb3Bc25830e61b0b4835eB110cFb6288C8|0xF06e9aE646AD8577fecaeC761ad224865603679A|0x0E3c3420dA3EF7Ee6aAD373dd2cdD968f57A0788|0xD9E82b01fbD8EB7A59D456fEf3B56D39d90caa47|0x6b09c294eCC9fbE3285f0421EB76eBB6222adE64|0x0a8978Af87407f8B49ED91205f62DC9851cD73a2|0x22d047da13997E384Abc2F390Bc9495D7Ac54b7d|0xa9b7966D16e4CA1D0A98e29fEb17cf9F6afFE8b7|0x154B59D5edA4Ad58e947B85A4726dD016bBd2aE4|0xd7Bd847e838aBe9544B6414FA6EFCB0748a58532|0x85BD531bA0787D14fF20aa5a3d49E0E44Ac9650C|0x4fFCE3A117e17076C072Fb95E447b2361f69763B|0x7ff07f5437Eb22750617182f1AE91e050a45aF3C|0x73Fd518b4998Df42FBa3AE740865F374522baE2a|0x197de420B5a5Ce9420d25893835CA585d207FbC6|0x0c68aB86F630ACe540205b3fDDbe4b96058fA888|0xCF32b9c1104C14e05a5B17a78618cbD70Bf42091|0xCDE24D930DeDeddd6AB6faDF10adC416A1A0072A|0x6a50F139F3eD4C9c7bDa0D067c5Ed09De1EEBbeA|0x41bF9BfA1BB13758BdeF159486c218bcAbF2B79c|0xF6C8d04d7ACA7B207fF9631F7c2FAE7b31DBa6C0|0xaB86eaD8ee235fdeF69f80b753352862ed24c81c|0xB98bF424fA411057500f737FdB773Ed874c98312|0x0b265Da4Dc6d6C1d924058CF9900DB8d0d0c9135|0x3eca6E4e09Cfa8d59DeEafe4538A564ACef78ba9|0x1C5F0A1aaA4f2Ee657cbb95312E3b85DD54341D9|0xA9384EB62343BB623DEAA6cBDAa0A7fd0E6c5F15|0x34c65Bd35D0a081B3A2dEE84856ddDd8fD00E69e|0x63608fa42f0E1fd4427EcF548fFF59b4d71b71B0|0xb0BE8A40a960c18CA274010102509A4C19048B2f|0x0cC4cec6a0350F5168320F0e4871A2C0B153A9D9|0xd7Bac75b4455664078C78389f432F6837C814f2b|0xEb24a2663af4Ee979dCbfE39cB95B5F12D369c4B|0x0c54421BD4138A0Cd8D6a0534e22Ff0aAe8CDCCb|0x439DeE9D1E9467d891D81d9C1fc4b47335879F38|0x232eCBdb38040c93EEBf497121e1241067e937bF|0x9781E25CCC7259d8FBFDC377D14AD51A894111c5|0x5B82fA862B29a5D0136EFaf392FDBcb6AFE1561e|0x8DfbFd3021E8b9c390a99C39747Ea4D295187BA0|0xd4eC9fC5AEB1C49456cbd8943fd19e8310E371B3|0xd46920a6FE69A4226e3c54EAfda9a553f65A5149|0x97BafF797Fc44F3deBb50eb62e0E1175ca360000|0x5A2EF5CeF74A8A6CCc0e1Ca76a570Ba98e7e5E57|0xBe8189aC06C8E34191EC2Bb22Cc464ED1323A9fe|0xdba07C9E580E8A4A24564097E93fd0CD7989F30a|0x173727CDe55cF8FE46fd2D9EF4a19D7188A14d3b|0xe26CF98e70Cfc08f23dbBBbA8db51D0c4d55F6cc|0xA9414326203dd6CB2b3D7d7d78350a8a1F7438d8|0x1F27fe7B9708fAc9b8Df0e8816D6FD3a0dbC0ad5|0x44A9DF2b5d5873029c45926a6642b2dc92f127Dd|0x55AE1d4C532fa686C168a0549DAc36c25309F0Ea|0x3A38116302463a7B027d9bC5bc6137a52F213ea1|0x8a13Bb78161F55bEaEAEa0203B7e66113678Be80|0x96abd983C8EA716cE22c96d23c2B47e7d43f50Cd|0x62A819bA1C873e5044a82210058250499327df05|0xF28f00d39C6aa5fF851978a70B6dD7340891FD5f|0xb2a53f9C20cFb9581458d8c4188db7a0B2270EAd|0x41838DC5166A987F8b5E1F4B8dB22BBbd88e9AdC|0xf3203b152a88465ADcd2ea914d1667D15e01b6c3|0xD6127f456f7432A0890155522AC272B6eE78bBbb|0xdE1a4B8927769f8b6Ed07e5d5F49E7f649EbCbbd|0x80F05AA931319E46A658f6F7d549Ac9Ca767C34A|0xdFEFF46129b666A6Fbf76e6ACE3b6218cd23f183|0x40de99E3551dEeDDBAE26fA05Eeb33d0537EE20f|0xB2E9E3701Ad29F75cBd5F81e90866E029Fd01776|0x5861EaAd052Ce737B2a522f80494455BBA047ff6|0x3d6f0f78b18C1c4815587509A13fa96F62477a2B|0xE4C88febB204fa79E1E951EAbC0Bc01fC0241B84|0x8EfD3bBD9A94D11AE654B72804A04f6A805c80f7|0xca3ce24FB1a6E7dB0003f9c785405A851E3F1e18|0x00009D479a2Ab915e9a55C020873D975cf816778|0xc2362AfF2A2a4CC1f48cF3Dab2C4e2605eb94BA3|0x8620b1ED6AB043b4dE85597B74C333e0DF50a63e|0x43304bA2ECE7CdB58d0c572B10ae64fC0697088a
template_hash,f10f86b05965a827a332e6c73086f18026fbe3917f4bffbec3f938b3b5397b56,2,12,10,4.78,16.67,,0.0,20.89,KPOP|GME,0xca3ce24FB1a6E7dB0003f9c785405A851E3F1e18|0xc2362AfF2A2a4CC1f48cF3Dab2C4e2605eb94BA3
