ca,name,token_live,dev_wallet,dw_funded,funder,dw_date_funded,template,method,symbol,chain,launchpad,ath,x,website,description,value_eth,gwei,max_gwei,priority_gwei,nonce,time_social_paid,1st_boost,hm_1st_boost,2nd_boost,hm_2nd_boost,ads
0x02B79dA39EF96d0f35A25A018f98AF57810e9A60,The Odyssean Boy,2026-09-16 17:19,0x462da54490f7f49E7393A91E3EAfAeaC854902c2,2.027321523999999897,0xc9a1f13f19f49d2d15ea4b24495fe19aafe38dfe,2026-09-16 17:18,a3fcce81ca12de34d2968c48ffd3fb71e83788e59c5ff049fe2a13944f597596,ca20cf82,Derek,RBH,,,,,,0,0.055166,0.110088,0,0,"2026-09-16, 17:35 PHT",,,,,
0x505886a2a77DEe23b4Cef13903c846b8Ed6e2017,musebook,,,,,,,,musebook,RBH,,3332335.6717007295,,,,,,,,,"2026-09-16, 18:35 PHT",,,,,
0xa26992C4268A8a78a4d872FE4BDAD2Ed03aC287d,,,,,,,,,,RBH,,8134673.319519031,,,,,,,,,"2026-09-01, 20:48 PHT",,,,,
0x53EC98793ac24fbd30b07b405eC0De44F660Fa1a,rat in pain,2026-09-16 17:59,0x693858adBeae29A3F22c98529199918C27C8d577,1.273023309948767629,0x8da20a1d716f4725643376a040f51469fe676847,2026-09-16 17:57,a3fcce81ca12de34d2968c48ffd3fb71e83788e59c5ff049fe2a13944f597596,ca20cf82,rip,RBH,,318754.98788442666,,,,0,0.054154,0.108528,0,0,"2026-09-16, 18:08 PHT",,,,,
0x139438AA93Af5b760249938E08a5d4564513F3a4,Burpee,2026-09-16 17:48,0xAAc91418755AB18d63eC5c4569A5560a54B51dec,9.421742802085165746,0x5534c0e6c679b76c097f6616772efba12374a5dc,2026-09-16 17:47,a3fcce81ca12de34d2968c48ffd3fb71e83788e59c5ff049fe2a13944f597596,ca20cf82,Burpee,RBH,,210776.8186079075,,,,0,0.054624,0.109036,0,1,"2026-09-16, 18:20 PHT",,,,,
0x5317C0d077D2eEB639448939b930D49c4984B63B,Copper Inu,2026-08-29 17:35,0x98469ccF8B1807870F61557aeA293ADF959BC212,1.47742545,0xa5df4d576a72ddbbb4296614aaf58ed6696ebe61,2026-08-29 17:29,07fce2d58030e294cfc8e53a24f9bdc5b0df7c59b872a1641859ae4d170d9ffb,434d13e2,COPPERINU,RBH,,20146637.731864274,,,,1.2005,0.06951,0.209544,0,0,"2026-08-29, 17:41 PHT",,,,,
0x1b8A598A3cBc9EA2F256ff139DB839f9A70C97b9,Kevin Wash,2026-09-16 17:35,0xb9fedeEA354F02A24790Be1379F6ad4B39A31d1d,0.001477446603467941,0x9bc462bce2acd6fbe2ef5470d55b439453451083,2026-09-16 17:08,7c48921c06202b4138e10987f1e1c2045547808112c838858ae58504a9b26b22,b3717feb,WASH,RBH,,1968573.365592882,,,,0,0.05472,0.1323024,0,0,"2026-09-16, 17:53 PHT","2026-09-16, 17:54 PHT",50,,,
0x1e6EA1e89151cDc8443968Bf047cfa3177181e18,Gasoline Inu,2026-09-03 03:07,0x3505513Ac5417BC1Dc498Afa8E71601F6Cf03E52,,,,f10f86b05965a827a332e6c73086f18026fbe3917f4bffbec3f938b3b5397b56,00000000,GASOLINU,RBH,,4104119.571708864,,,,0,0.478152,0.6698,0.05,0,"2026-09-04, 00:50 PHT",,,,,
0xeF801b75FF65569e5C7174f821bF7a8689F64263,Gin-chan Coin,2026-09-16 16:06,0x33cd335F8c5De257a6Dc88941AA61ff5c0995480,9.429536785113619274,0x63f9da42d031c208cc16f00e0eef9176452c7089,2026-09-16 16:06,a3fcce81ca12de34d2968c48ffd3fb71e83788e59c5ff049fe2a13944f597596,ca20cf82,GIN-CHAN,RBH,,134441.73693325566,,,,0,0.056888,0.112688,0,0,"2026-09-16, 16:17 PHT",,,,,
0x63Ee32Ac3077d1fbd8a77eBBA2a6ed4b8e9c1e18,iNu,2026-09-11 08:53,0x68579A46C258307949F1bA995976326b8A0F1e11,0.042,0x7c7b9918dc8b46a115530c4c871d47b91fe9cdb5,2026-09-03 10:23,f10f86b05965a827a332e6c73086f18026fbe3917f4bffbec3f938b3b5397b56,00000000,INU,RBH,,11818624.533022786,,,,0,0.125864,0.1575,0,303,"2026-09-11, 11:23 PHT",,,,,
0xe68Bad7ebDF9446223dc59b7A52684950CAfc0f8,Van Gogh Town,2026-09-16 15:28,0xF0a4d999b32D0343aB5cFe1Ea28817C0AC91FE1E,6.020458864397335548,0xd032abd0c7ddc3629d06ccfc5fac5a17104be980,2026-09-16 15:28,a3fcce81ca12de34d2968c48ffd3fb71e83788e59c5ff049fe2a13944f597596,ca20cf82,VGT,RBH,,254592.4748347386,,,,0,0.057006,0.113564,0,0,"2026-09-16, 15:38 PHT",,,,,
0x7ab99d14d34cCdaAA0289bA46Cb2A4Ae5096B63d,Relay Rewards,2026-09-16 15:18,0x4e7a6e31C0e33d284017dcd735Fc7032d2DbEc92,,,,21ab1c3262209b86184f0d909b2cada883d81489637d9059296654bb327f283b,434d13e2,Relay,RBH,,6641,,,,0.054065734934637059,0.056922,0.11382,0,8,"2026-09-16, 15:34 PHT",,,,,
0x51e919cf4a094d4cEdd517Cb192927C992Ddb2AF,FTX 2.0,2026-09-16 15:51,0xB2eacf6B69443e84F0a92454EF5fe2482D72b286,4.721462708654369993,0x30bb9165b660d3734ebadfc93ae9e3eca4c6cf92,2026-09-16 15:50,a3fcce81ca12de34d2968c48ffd3fb71e83788e59c5ff049fe2a13944f597596,ca20cf82,FTX 2.0,RBH,,383129.13053269836,,,,0,0.056532,0.112644,0,1,"2026-09-16, 16:06 PHT",,,,,
0x234d91e43d2d7F5eA0886d9afbfaFB666BF744BB,Yes Chad,2026-09-16 16:53,0xe53d7FBDfe9bD472A591Da02B46f28e8be4aF944,0.522702,0xfc19c408d0aa9405d7d25b445832d00ea60a7a17,2026-09-16 16:52,f1fcf4781d7666724842866144cb7e8a04dc59499c3975b2c0e6e14a34612688,434d13e2,Chad,RBH,,52144.3065399906,,,,0.3136,0.06948,0.06948,0.06948,0,"2026-09-16, 16:57 PHT",,,,,
0xA6276bbaeaF71c73Ed01507b64659aDf487d1e18,MONSTER,2026-09-16 16:09,0xCF65d18ED969aD92925DC9Fc851413128Ec0C274,0.155816,0x88d25c861938a91af4ad57ad964a8fcc6c6351d3,2026-09-15 01:44,f10f86b05965a827a332e6c73086f18026fbe3917f4bffbec3f938b3b5397b56,00000000,CLAUDIA,RBH,,171690.07660178526,,,,0,0.057178,0.170094,0,0,"2026-09-16, 16:12 PHT",,,,,
0x876Cac419238bb42584FB73b30102407785205AE,ExecAgent,2026-09-16 14:21,0xe68A1a121011d8eCCdaaC89CDb6c7508A105a79C,0.4,0x0587dae725c9da0aaf58a51e12330854b1a82396,2026-09-16 14:21,a3fcce81ca12de34d2968c48ffd3fb71e83788e59c5ff049fe2a13944f597596,ca20cf82,EXAG,RBH,,3423117.85034145,,,,0,0.05763,0.117808,0,4,"2026-09-16, 14:59 PHT",,,,,
0xE9E5CfdCA8fbEe1f68A7C92D7316331d1aaB5Fb9,Catch,2026-09-08 05:08,0xeF44326887A8866f525ECaD41aF6d878EBb5Bb2A,1.043268348593981891,0xf70da97812cb96acdf810712aa562db8dfa3dbef,2026-07-15 23:07,a8bd4a1de50686f4b1c4079a7199e6cf6ba418e068b428a595b14feebe0b9f1b,434d13e2,CATCH,RBH,,726999.8629942221,,,,0.2005,0.296116,0.65361579,0,280,"2026-09-08, 05:29 PHT",,,,,
0x729eb6Fd9e9458517f44bfD4257787d42d906F17,EOLAS AI,2026-09-16 13:17,0x65D238182e5b84a8c8DcE09658a9Dd89a53B52cd,0.000426741773218753,0x36a05f4d6903c874c8efad71523a55e0c7a81a27,2026-08-04 20:49,35cbe08503da1aef531db99ae2bf3703425e188505d665e08a00d0722e476c28,434d13e2,$EOLASAI,RBH,,65899.82897812089,,,,0.0005,0.058034,0.1172,0,26,"2026-09-16, 15:07 PHT",,,,,
0x50D812299221BC2BDc72ae9F27C5129c1c6C1e18,Jollybot,2026-09-16 13:40,0xDF2237114d595e0Bf4D35CBcdEBcdF43C55c4669,0.099811198896387024,0xf70da97812cb96acdf810712aa562db8dfa3dbef,2026-07-08 12:01,f10f86b05965a827a332e6c73086f18026fbe3917f4bffbec3f938b3b5397b56,00000000,JOLLY,RBH,,435183.3919793111,,,,0.00025,3,3,3,18385,"2026-09-16, 14:07 PHT",,,,,
0xBF3e53713a53E9C3d5d1dDc25dd2C65669244663,Pussy Cat Club,2026-08-25 09:56,0x2AC7cac771DF87Fd33258F2c42840a6632820943,0.138217576492015163,0xca7ded7e4f4ba8ab3b10009236ae6d1b95094589,2026-08-25 03:31,9295ecce72161495726132c4c3fd7a99bd0bb4074d9cd700f7bc7add0618ce00,1a03b503,PCC,RBH,,11649748.319551704,,,,0.0305,0.02265,0.068946,0,0,"2026-08-25, 19:30 PHT",,,,,
0x3B16959A2A2Ee60d26fbbadad74628aa6f6B97b4,musebook,2026-09-16 14:12,0xFF03e17D1288E11a7E5BBe648A340677A3211777,0.246239629648740087,0x76ce0211750de616b72ec37c21151365905a9583,2026-09-16 14:12,a00c4ee425a15cda82b8a5b4baf86f65125f0c4fba29a8025dc78fc72a1f590e,cc5793e7,MUSEBOOK,RBH,,163410.21127896395,,,,0,0.05902,0.11714,0,1,"2026-09-16, 14:17 PHT",,,,,
0x2cC0FAC44B8252f6B10208B091aFf2c94B4da77D,Sinjoh,2026-07-31 08:40,0x3d58E42d3a920dE4C1F71EE041c7eBb82ee23f49,0.012526,0x2fc617e933a52713247ce25730f6695920b3befe,2026-07-31 01:20,aa6bc4347bf39df1f868a034f74c193256f8bf37824c50f7757ce75c8bd034cd,cd7864d0,INJOH,RBH,,7029628.236801509,,,,0.0655,0.020756,0.02964,0,216,"2026-07-31, 09:49 PHT","2026-08-25, 06:32 PHT",10,,,
0x8bcb94279FC2c984EC34e0C1f2192df8c69EA4F0,Hoodlight,2026-07-13 20:21,0x6Da435fE4965dfBe66ec70b23AEe1D72C7c530f3,0.1,0x008b8d698F05510CEfCaF7Df3A6c1c29a4eD9AeD,2026-07-13 19:22,8e25097c811e12fe4db2452453e2bb42db03877f268426e2f950a31c0b685af4,be571910,HDLT,RBH,,91487.631311164,,,,0.0006,0.048356,0.0577296,0,6,,,,,,
0xC57Aa24860b56eAe71E1e3e6d558D9c3F238D07c,Hooked Ethereum,,,,,,9402df5ffd3923ffb249f97b23b1e3d063134b8b6a61865e1be5159250569463,74dd0f71,HETH,RBH,,129439.53731352012,,,,,,,,,"2026-09-14, 04:05 PHT",,,,,
0x7c5F2735ce8652F412605778C63eb6fb7702a77D,musebook,2026-09-16 13:45,0xDb5727ae9e0DF764D934E170DE2D45acD9858BD5,,,,50c0d8ec34d4f4aa973b7e545e6b0286441337c4166238db12a1b323279c7d92,8eb7c9ec,musebook,RBH,,,,,,1,0.059724486,0.06931606,0.002100486,0,"2026-09-16, 14:06 PHT",,,,,
0x91A2DAe9699f0B82540B5886b0d8759C22820bA3,musebook,2026-09-16 13:51,0xDF76d085981c5916C3b914B032ac6980C2bC46Dc,0.01,0x7eaf232fff53499fd3ead3c93924671b149e4837,2026-09-16 13:08,f10f86b05965a827a332e6c73086f18026fbe3917f4bffbec3f938b3b5397b56,00000000,musebook,RBH,,11078111.236291645,,,,0,0.057224,0.1405152,0,1,"2026-09-16, 13:52 PHT",,,,,
0x05c1147A62e46cfe501Cc2Ecfe919B1CbdaaCC07,jollybot,2026-09-16 13:39,0xD016E4C082A3FB781A8c4BE5111A91196A7b6987,0.499987994680171554,0xf70da97812cb96acdf810712aa562db8dfa3dbef,2026-07-08 10:33,61302cbc99ff5715fa844d60bf97726c7b394efb5648f85c2aa286b8ea6f327d,434d13e2,JOLLYBOT,RBH,,92491.62228894519,,,,0.608353777760176303,0.158028,0.215476,0.1,5581,"2026-09-16, 14:05 PHT",,,,,
0x32aC8C1D7672667D5EbdEa22935F7B06fC8D496f,HOOD,,,,,,b09f14d82df238cf4e9669179c159a80c45689160cc4d934ee172c17da2f79fb,0f652999,HOOD,RBH,,6069443.647230869,,,,,,,,,"2026-09-04, 00:01 PHT",,,,,
0x82fe7e669c0CE263436cf74b8EC7335654Aa902d,GoPro Inc,2026-09-01 02:54,0x8E73F5483752e033420dE6F497B4DCfF3087b4E4,2.217029876584331104,0xfa5d4101f586b0c0379f00e8e1385bce1c888b0c,2026-07-13 10:45,a7421a286793451b9c7fea119de350cf185957ae14116fb37a65f2dd64f4bf89,434d13e2,GPRO,RBH,,2771733.7796687665,,,,0.0005,0.433196,0.74588,0.1,1025,"2026-09-01, 03:08 PHT",,,,,
0x50e53d398C2DD9653621dEd3dFD9C05201E2eF84,Flying Tulip,2026-09-16 12:52,0x0fca08E61E70152bC7AAB3cde67fD916e9A042f4,0.006767543414268316,0xa67d7eb4dc68fa6ce8e34ef8cadaf075b9893fbb,2026-07-12 09:24,c92a91f12e782cff10e7914b51a0b1cdbb3e21beff0a6c23a9a4b6c4109a8c90,434d13e2,FTUSD,RBH,,1140895.5440449999,,,,0.0005,0.068228,0.09281,0.01,2,"2026-09-16, 13:07 PHT",,,,,
0x7E58C4d63e1ad3a4827e5Ca9A84484B0C1eb2Ac1,Home of Memes,2026-09-16 12:32,0xFa3b35438b73b18950CdEDDC2092E49D584E7E80,1,0x9d5dbafc51877283bd51e3544b6ec9280a9bf3fd,2026-09-16 12:04,a8826e8d9b2f1fbf5a32cefaafcbe44a25e7cad14e067b0b752812906ad6a3e4,434d13e2,HOME,RBH,,368759.3333129409,,,,0.1005,0.058296,0.17487,0,15,"2026-09-16, 12:59 PHT",,,,,
0xeDf1AC25ff0CF741A9eE1490C630E3a4eCfBd4FC,Memetic State,2026-09-09 03:25,0xe58CfA2a58975bc0ceB9fd2F316574C40DC550e6,0.000917730085193712,0x05e09b56ec91620f9bab354c573712e446f8eb11,2026-09-09 02:39,a77d6e1fb663b2ced9b71f41a8c747993863c613acd7c44d5123a589226591b2,434d13e2,MS,RBH,,154131.71323829566,,,,0.0005,0.255762,0.3576,0.02,6,"2026-09-09, 04:17 PHT",,,,,
0x99206CE13b6f96c5BB26acB91AA58c47E277C14e,Triangle,2026-09-16 14:10,0x136d86beF18bf515CD60B7FeAc1Aab6295730ac5,0.199016312660806072,0x7b981e5ebc8f99136c302c22b40fe05223c2ffb7,2026-09-16 13:32,b7b06d230f86895cdc383024af1c3d0e796e7c60bca54ed6f50785727e0a0d7a,4bb36dea,TRIA,RBH,,18159.251410355817,,,,0.0367,0.1490466,0.416118,0.0138706,1,"2026-09-16, 14:14 PHT","2026-09-16, 15:01 PHT",10,,,
0x9fB69d90B0D29eE9D52f72261F6c6a9C5FF4aD3E,HoodMiner,2026-09-15 21:02,0xAeC01d5748b6962C73A77C0E367A3f61e754b576,0.070583906219246332,0xd0a4ba51e65fc3fc98737edb5db0f2e266381bcf,2026-09-15 20:45,cd4c021570a48f7348c88ea2f92d5d8338285b369d28f161841b13ea08e4059e,728f5953,MINR,RBH,,123814.22009096017,,,,0,0.0651,0.0792624,0,1,"2026-09-16, 00:29 PHT","2026-09-16, 00:31 PHT",30,,,
0x22525684ac6822B13e88B88B4E7B5b81c920D4c2,Claimed,2026-09-16 10:41,0x49EaE9820Fb052D24E510c93E52D4AA1f9317b9A,,,,12f72a5c2097b60af352bfeeac8d061e09d7746c88d4c83e1aba9b9b5eedda3a,434d13e2,CLAIMED,RBH,,254267.49051460662,,,,0.054065734934637059,0.061214,0.123212,0,0,"2026-09-16, 10:58 PHT",,,,,
0x786d42BC32fCea61e75c87128eD4aC144133bba3,musebook,2026-09-16 13:10,0xDF76d085981c5916C3b914B032ac6980C2bC46Dc,0.01,0x7eaf232fff53499fd3ead3c93924671b149e4837,2026-09-16 13:08,f10f86b05965a827a332e6c73086f18026fbe3917f4bffbec3f938b3b5397b56,00000000,musebook,RBH,,1798255.667554517,,,,0,0.059224,0.1390224,0,0,"2026-09-16, 13:27 PHT",,,,,
0x232A0614bf27D0163cA73FA14772f420dE3E0041,Buckazoid,2026-09-16 10:50,0x5C7AE49C36611A4060092c7f3249CAC27709b9cE,0.149283574304771321,0x1b035e7f61d82bfe8bc9642012d45b1884101f59,2026-09-16 10:48,a00c4ee425a15cda82b8a5b4baf86f65125f0c4fba29a8025dc78fc72a1f590e,cc5793e7,BUCKAZOID,RBH,,358167.3654271163,,,,0,0.061056,0.121776,0,1,"2026-09-16, 11:00 PHT",,,,,
0x07EBB29a38Fbcb41563817e5E19f2ceC619C90D2,Bundle Cat,2026-09-02 23:37,0xc4330342196c66B17985E45A759B42e146F4f68b,0.12,0x2992C38b3b9eE39d82992e8245aaad01Ee35dB31,2026-08-31 04:32,0df06fd04a3548c11c5c06da44c7f16fbe1ae9dc0c8f459829ec23474d54cfdf,434d13e2,BUN,RBH,,52131154.46211628,,,,0,1.650744,,,59,"2026-09-03, 01:54 PHT",,,,,
0x63cc3c257eB35Cc8e3cAEEa8ba9CAA8C7057D59A,Mighty Mike Plays,2026-09-16 11:55,0x457aA5a2B1A506564109125d6e84e4f0d7839cd9,14.545211401409197985,0xe9dc4631de510f71ee609de251c32f727d8718c4,2026-09-16 11:55,a3fcce81ca12de34d2968c48ffd3fb71e83788e59c5ff049fe2a13944f597596,ca20cf82,Mike,RBH,,254547.23764733915,,,,0,0.05901,0.119284,0,0,"2026-09-16, 12:04 PHT",,,,,
0x8d496E365bEcE09ce707615b165afFde508cafBB,Dregg,2026-09-16 11:21,0xDA70fc99D3988fC2E7C33f84D817e0e0110f71F9,0.562474901280540661,0x92ed0b8b7ff00020634652ab53ec3411c026902e,2026-09-16 03:13,a3fcce81ca12de34d2968c48ffd3fb71e83788e59c5ff049fe2a13944f597596,ca20cf82,DREGG,RBH,,224486.999100249,,,,0,0.060154,0.120108,0,1,"2026-09-16, 11:33 PHT",,,,,
0x020bfC650A365f8BB26819deAAbF3E21291018b4,Cash Cat,2026-06-19 04:01,0xcdfc08A1C1FBaFB355645E5ddC32122e5716cA90,0.5,0x3b1Dc8b04159A457F4F5E0aB86B01fa5a0B2F55C,2026-06-17 21:42,e817caa0d716aeee2e696cdcda2a52029d1aae61f61e0625efdb7e44fc82bc88,d1a3a4dd,CASHCAT,RBH,,224600000,,,,0.0205,0.12,,,119,"2026-07-01, 15:32 PHT","2026-07-02, 05:52 PHT",10,,,
0x5445fA2A8d30F22c569eAA0ea98e71e86E4BBC43,ASTRADE,2026-09-16 10:31,0x6b6B1e1b8D377C733357854BeD6d07b395f8088f,0.005706769300296146,0xabb2acd3be814a80e502575d6c1dc5f789e9cd10,2026-09-09 14:57,67a86b980ddd1cd256a25737111ae7341cbffc8f5fd76eb90b6c9eba6a815e66,434d13e2,ASTRADE,RBH,,24672.88690636856,,,,0.00223369245534194,0.060876,0.1223,0,79,"2026-09-16, 10:45 PHT",,,,,
0xF014a3782E6979bd965376f6638D90914820eBFF,+,2026-09-11 08:29,0x17f5b19015583b2D9A86FbfEaAc0c160e3ddE9D5,5.032802709801146593,0x58177C7Ee8aa5aB2c627A39601e2cc7c4A5D0639,2026-07-21 05:32,8a562b49fa112404f3e0acae34826f55f045817d18aef2789251d817a292f0e7,434d13e2,+,RBH,,,,,,0.208999999233097208,0.22726,0.352448,0.1,2239,"2026-09-11, 10:01 PHT",,,,,
0xfCE34D21A92069100E3226638140706cF03a266E,Goldstein,2026-09-14 20:38,0x7BED677d08a9C1bDBdA0628A0B0E5C8611B4d4bC,0.001,0xbf8ef35eb7227ff3a736451333641774e85470df,2026-08-29 00:39,c0c1b1cc300369a44639bb4d33edc50031f9a5b34a745b29152cd3777cc42bd3,1c22eee3,GLDSTN,RBH,,,,,,0,0.068706001,0.138924001,0.000000001,27,"2026-09-15, 02:01 PHT",,,,,
0xD94c99E136A437E3dA04b349E2c273f6d4A95C74,Pre Stocks,2026-09-16 10:11,0x777795d02c7230178e98e580996b607C9BD39CA3,0.1,0x99d3e8f6746128479bb4f4c9113e99b092e08794,2026-09-16 09:55,56695916a70d6c84412de0d5314db826aae13be0aead9e12e97568b042cf5963,434d13e2,Prestocks,RBH,,61760.7050753452,,,,0.0205,0.06142,0.2,0,0,"2026-09-16, 10:24 PHT",,,,,
0x2d86B97B4D96dc1B1CA72E67f54a5DBc0D5D7777,DECIST,2026-09-16 09:45,0x1d94F85A1CbC6626f64eeC5f8680F9ea7725Fd32,0.248348,0x88d25c861938a91af4ad57ad964a8fcc6c6351d3,2026-09-16 09:09,98a934d9d891885ac6d19917dd2791ca6e26ad73a281c98e037aed19fa4163bd,25ae230c,DECIST,RBH,,558002.9846987034,,,,0,0.062584,0.185982,0,1,"2026-09-16, 10:28 PHT",,,,,
0x8A66D18bED359c6c16871Db9b9e863f012134589,Scribepad.fun,2026-09-16 08:37,0xac5e245bc1D2b04B9E237A4Eda0f790B32183BBC,0.205978,0x88d25c861938a91af4ad57ad964a8fcc6c6351d3,2026-09-16 08:07,9859e1fb973c6acc25dfabacb59b80f5b5f1ae393347f20e9d06dffa53a72739,434d13e2,SCR,RBH,,6488.829257041131,,,,0.0605,0.06339,0.188928,0,2,"2026-09-16, 08:50 PHT",,,,,
0xe574Ee12e790b94e56f2bf13a74A9729862B0a46,Sherwood OS,2026-09-16 05:19,0x803db7A90ADd3a8Bc95966Da0fEDAba1e277b5B9,0.050262234401436938,0xd782268f600403843484b70710daee6846fc0db8,2026-09-15 07:23,75e43ec47bf0094015350855a7f92caecc91155dbcdfa3283532512b25404363,434d13e2,SHOS,RBH,,83269.46171471561,,,,0.0255,0.066646,0.203058,0,1,"2026-09-16, 05:25 PHT",,,,,
0x5129eD2cB16465cB3DdA0843D2f891c23c85Fcc8,The Future Is For Everyone,2026-09-16 08:50,0x7A07bd116bD15d69b0eeeCFdD9Be6B20B182FBeA,0.220007662889145076,0xe98006bE3f515868F42270d38CFB7A5825a379F5,2026-09-16 08:49,a3fcce81ca12de34d2968c48ffd3fb71e83788e59c5ff049fe2a13944f597596,ca20cf82,FIFE,RBH,,1749882.8462754302,,,,0,0.06316,0.126048,0,0,"2026-09-16, 08:58 PHT",,,,,
0xA2729F032CB417Df436c8e242693d096B8d40071,Frankenbio,2026-09-16 08:20,0xA13Da502B6D9CA768Ca89dC8a26e76164BC11a64,0.056592935457433887,0xd782268f600403843484b70710daee6846fc0db8,2026-09-16 07:57,12450858572e7dd35307191ca14c466a70116f909afc2a7a4193d5bc39340b36,434d13e2,STEIN,RBH,,64384.90639415514,,,,0.0405,0.063376,0.192258,0,0,"2026-09-16, 09:47 PHT",,,,,
0x3bA500F1AbabbCF0F0247D06D1c56Fd7E6C4c09D,Agent Wormhole,2026-09-09 02:56,0x6e1a191893608307B7dE09BBb9B652Bd4c608cC5,0.049482,0x88D25C861938a91AF4ad57aD964a8fCc6c6351d3,2026-09-09 07:28,a4c04dee10d090c21613524ae89d6110f4b8f28f46d61873cd41968290d1b4ea,434d13e2,WORM,RBH,,3341090.938989031,,,,0.0005,0.235208,0.478168,0,4,"2026-09-09, 03:21 PHT",,,,,
0x7b02c947f09B042922292f3d5FbeeFFbDaee2eE8,OpenKey,2026-09-16 09:22,0xc2520bf01931dDeD26e5038a77fFa00499eD4780,0.4,0x6dd7b97f4a3775e53c89e6d9f5713af280d56065,2026-09-16 09:22,a3fcce81ca12de34d2968c48ffd3fb71e83788e59c5ff049fe2a13944f597596,ca20cf82,OKEY,RBH,,4390316.324495343,,,,0,0.062566,0.125352,0,4,"2026-09-16, 09:58 PHT",,,,,
0x9D180C01929F2F903C18AAbF47886B1f9F93Cc59,ArcLaunchX,2026-09-16 08:23,0x0bd0B8eF034E633DEB9917cf6E3d63C86C4bF6A5,0.122093038032159778,0x543cad692bd0b8a11d17cb2e8623638fe959c081,2026-09-16 07:45,f7a4b1b48159d096f469f4e7f27451fe8e629826afc431b70bec0d4076c97719,92acb9ce,ARCL,RBH,,4561.7500415289205,,,,0.1105,0.063526,0.191172,0,0,"2026-09-16, 08:25 PHT",,,,,
0xfb6d8Fe6Fb1aDDaD1FA17262cE054723e454A18b,HOODTARD,2026-09-16 08:17,0x086961f431C495EcBFbd905871bC0956870c4A9b,,,,507f940d1fb9f292907cbf142fbf9468b1b65c3544b6e0c687671fbadf960a9e,434d13e2,HOODTARD,RBH,,88007.3336002934,,,,0.019763444278819593,0.064044,0.128096,0,0,"2026-09-16, 08:51 PHT",,,,,
0x073407b2ba247E88A3183849ec2817512171d7EF,Darkpool,2026-09-16 09:01,0x252a92F0a8f8f54BBB01831b99865aF1789AA1C5,0.024869500589085577,0x1cd9d560440aab96f7b0a007ced7c2191cac5baf,2026-09-16 08:28,847c85c0eb83bf4939a9a76785a633f84b6e76c4e6c1603c8d223fcb595d50b8,434d13e2,DARK,RBH,,19697.160186433222,,,,0.0235,0.06353,0.18891,0,0,"2026-09-16, 09:08 PHT",,,,,
0x3A6215b2c790169c2928e8f823Ea8dDba1155a56,DOGE,2026-09-14 03:24,0xE531Bc3dc84dbd2CB50A2B81322160D92F7fA83B,0.021,0xf1628ab76db9536802d4463512c04aa8f694ca4e,2026-09-13 16:41,9ff2b63c0fcc77a4f4d57e527341d1cfa8e0654db39f2e1c39e9ba9512f90fdb,434d13e2,DOGE,RBH,,118563.77420982008,,,,0.0005,0.085044,0.257244,0,6,"2026-09-14, 05:28 PHT",,,,,
0x8bC3CEF1a8b35c420e933602CD4F650ebB0760bc,Robinscan,2026-09-16 08:04,0x0DAf047EC7412E9338fB5A34d770f86Fea582f93,0.010310325540934876,0xa67d7eb4dc68fa6ce8e34ef8cadaf075b9893fbb,2026-07-13 18:29,5a5b24e725f98d06c67e161239098059fe8d6e946d66381d6ddce709c8eb6768,434d13e2,SCAN,RBH,,455304.02956165007,,,,0.0205,0.063824,0.193692,0,15,"2026-09-16, 09:17 PHT",,,,,
0xcEEBF25B318201f1F949be2FabBFcEe231737139,富贵,2026-07-15 18:57,0xa28E053Bf476165628c68cC02267e6bCd5bB9030,0.2,0x1e636f3aa694C7A4BB79E5c975dd797733bACD3c,2026-07-10 22:49,f30b902f51dba414e028bb8436259b54bcf68b0f1f3efe1b8b243c912302667c,cd7864d0,富贵,RBH,,8169531.180294583,,,,0.06828288,0.056072,0.167622,0,103,"2026-09-13, 14:04 PHT",,,,,
0x7214bc66A4c95617809AE84b08D715aE526B7289,Earn,2026-09-16 09:20,0x0f3CA56ba35922efe2976B67fE6c9A4E9B2e31B9,,,,995631dfbe231cb8133287e6d1c25f8f2e402320d4a7a693538d6089950785a3,434d13e2,EARN,RBH,,,,,,0.0005,0.062302,0.124412,0,4,"2026-09-16, 09:23 PHT",,,,,
0xeE5576Fa1Bcaa380e591D01245f406f3f384eb01,Down to Finance,2026-08-25 09:26,0xeD1FA21329fc45860cAB5D5E26a5fafcCDAcd6D5,1.05,0x43af2d48a790b1a67662e28b6d6005500967516d,2026-08-07 03:33,a193e4805d5cb1865297d22d4b2652d0ca7aae0696d3849a67eee55719c403d7,434d13e2,DTF,RBH,,16589576.21050878,,,,0.0105,0.023406,0.03283,0.001,2,"2026-08-26, 06:47 PHT","2026-08-26, 08:06 PHT",30,,,
0xcE3Fbb839A5D1b39fc412d990459a3f642e2674e,Free Gas,2026-09-15 21:38,0xB241D6e331229c1FcD88De0d2a5FB55431b9e37c,0.001478138491272275,0x059df16bdcf8a6bd20bb4814518ff6a2df3c7b11,2026-09-15 19:02,2a539882bdb82a60e3b2e13f65f0fb1b3c7d1d2baa1f1dbc1dc0f2b0f3fa5a64,5b3f81f2,999,RBH,,10774.777644273841,,,,0,0.07012,0.166032,0,0,"2026-09-16, 07:42 PHT","2026-09-16, 07:43 PHT",50,,,
0x31205C42eA3e6320BEce833D167A0d3562C8176D,SuperToken,2026-09-16 07:58,0x5f00bf78B682319879Fd3eA2DBb5D0BfD8015C3B,0.1,0xf80fc8ebb85ea0882b03826c24234c92af8769e6,2026-09-16 06:57,700e2473bffda828684a14c4650caee943ffb6c27ccdd520509145598bd877c6,7b1a0342,SUPER,RBH,,19258.55477242947,,,,0,0.063874,0.1542576,0,5,"2026-09-16, 07:57 PHT",,,,,
0x82E427f9def1Ffc52c61A6d9B39ecC3Bf4eA817A,PokéCoin,2026-09-16 07:57,0x13592C87b796E20fA509062fb12e2509108AF745,9.344924791705281001,0x2798e29a2c3c7517efd37f6727374a74f30a1806,2026-09-16 07:52,a3fcce81ca12de34d2968c48ffd3fb71e83788e59c5ff049fe2a13944f597596,ca20cf82,POKÉ,RBH,,398621.117414112,,,,0,0.064354,0.128652,0,1,"2026-09-16, 08:05 PHT",,,,,
0xc72F232a6869e6CF34dC06129AfFD07F8a2a246A,Mancer,2026-08-07 07:19,0x0Dc1Dd32B1300818C977Ce5A36A464A5c0c14550,0.39998761912885594,0xf70da97812cb96acdf810712aa562db8dfa3dbef,2026-07-14 19:09,406c58e583a2207197818b94e7774caad16c0180440639c2e1572295ba7a6cc8,e7197ca1,MANCER,RBH,,18099822.837263778,,,,1,0.030818001,0.061260001,0.000000001,94,"2026-08-07, 09:12 PHT",,,,,
0xd855f585bB57aEE8bf1723BE5260736951F353aA,Z-Coin,2026-09-16 08:45,0x68C1D4933f6213ed402a7893059FD6077A7deb47,0.001967687200968872,0xa67d7eb4dc68fa6ce8e34ef8cadaf075b9893fbb,2026-09-16 08:43,93c96d6bd79570f29be3f979d58f3a8b8fa68b4316ca6ceeb30111588812afc9,b2d5e86a,ZC,RBH,,831247,,,,0,0.063862,0.1512864,0,0,"2026-09-16, 08:57 PHT","2026-09-16, 09:01 PHT",50,,,
0xC0C0E37b6c72aBCCCBf784C890acd7A42b5DC2c1,FlyBlocks,2026-09-16 07:11,0x266C5a1948B3b422099Ed6d4E09bf3965A282a98,0.04,0x75c94ae4d8fba2a0e0c2c1922308e6ec0003940c,2026-09-16 05:42,24ab65614150712d51290b8d584a11ba3557dd7a98ecd354a1036544517a4d08,434d13e2,FLYBLOCKS,RBH,,397416.54609929316,,,,0.017816017316017317,0.065392,0.13114,0,52,"2026-09-16, 08:18 PHT",,,,,
0x18E674231A58c239Dc7DaeDcffE15Ec3A24cff5c,Hookr.fun,2026-08-06 12:20,0x5a52D4B820Ae7F02880d270562950918ACb14aA2,0.000010522629954859,0xde15c1d8cc1d9487cd84ebb09a4e1813292adc6c,2026-08-03 00:34,45b5221723fbfa2b0e75716bdb9c4cda2a88473a9a81cbc07f3bb6dab63df36a,c1d28584,HOOKR,RBH,,30909014.68806183,,,,0.132300447144484263,0.027244,0.081618,0,405,"2026-08-06, 19:29 PHT",,,,,
0x2376ceCA251151C392C11C3C032ee3c76C0d8f84,Hungry Hippo,2026-09-16 07:15,0xaB7A0371aCfd197C05fC24D629BDC86d717a189b,0.042454,0x88d25c861938a91af4ad57ad964a8fcc6c6351d3,2026-09-16 07:04,31daac17ce73c99ddae3fb751e7f34ada491511accfd616390e01a5188a8125e,434d13e2,HIPPO,RBH,,24696,,,,0.0005,0.066084,0.196944,0,0,"2026-09-16, 07:16 PHT",,,,,
0x3AfF7528262b9A165ffD994ab54f1858fE4974C3,ArcLaunchPad,2026-09-16 07:08,0x543CAD692BD0b8a11D17Cb2e8623638fE959c081,0.017509438728228011,0x9727cb1d3b7cb786ca5002c30326de1ffaa28e43,2026-09-16 06:51,670fedfb567bca5f4918d6243fad8343228cede43f5167761443f113bb8bba74,92acb9ce,ARCPAD,RBH,,11090.608535306174,,,,0.1405,0.065662,0.196482,0,1,"2026-09-16, 07:11 PHT",,,,,
0x15367609D494F0B29857B83216AE320e427e9b84,St0ck,2026-09-16 06:51,0xe175466BB47e4686185A6B4484048d301048e707,0.005563,0x88d25c861938a91af4ad57ad964a8fcc6c6351d3,2026-09-12 18:06,d46726b45acb8ffe990783cf6aa93cbfc80422d193c140efc19b247b2c7960d7,434d13e2,ST0CK,RBH,,89464.16356701746,,,,0.017904817404817405,0.065842,0.130668,0,63,"2026-09-16, 07:18 PHT",,,,,
0x563Ee01B6ca20D0547924eC27e9b5615Aaf171C9,XCash Capital,2026-09-16 07:16,0xb1032724227a062DAD587bACA8E697de5cBe2be2,0.992089637267078882,0xf70da97812cb96acdf810712aa562db8dfa3dbef,2026-09-16 07:13,29fe9ccef70e71d89e2c25c00fdc10f1a369fb790085529abcb8f8fd9431fe5b,434d13e2,XCASH,RBH,,84291.36331088784,,,,0.366687500000000073,0.165494,0.230696,0.1,0,"2026-09-16, 07:20 PHT",,,,,
0x319E9de6d437bDbB48C24242F205494EED99a5c9,SCADA,2026-07-10 07:57,0x96111CC4867C5e1c22dA4b79BB8852b9E2A07eB1,0.000003930700648728,0xd454c84ee7c1d08839aad336f50eada31603162b,2026-07-27 15:44,803563e1f899e72ccb7115e47ca0712fcd731c6c720698a38d583404b65b2c04,be571910,SCADA,RBH,,3007.340592407466,,,,0,0.049778,0.049778,,0,"2026-07-11, 06:09 PHT",,,,,
0xFB7710Bc08fE297d648b2617B8c1e25129D1a2F5,XCoins,2026-09-10 18:58,0x423f65e32560d2612d9d5ad4268347a10253D7Fe,0.496927438067520565,0xf70da97812CB96acDF810712Aa562db8dfA3dbEF,2026-09-10 18:53,463129d89ca0875e24c084d810193fe5fe671c5036ad363dcecf753ab20780e5,434d13e2,XCOINS,RBH,,2242975.055238906,,,,0.17465,0.23102,0.364472,0.1,0,"2026-09-10, 18:59 PHT",,,,,
0xc2525b7c68b6d66dE5AABFEDC7B13314F389D5C4,StonkHouse,2026-09-16 08:05,0x4E5feB7Dfc2d10f840fB0668cd1b9123cD8Fda5D,,,,56fa4aa4345a2d4592973c1b1327dca0c1b6a4d69346fcab281f08df02448f10,434d13e2,STONKHOUSE,RBH,,410325.67372307804,,,,0.0505,0.063712,0.0912054,0,0,"2026-09-16, 08:08 PHT","2026-09-16, 10:40 PHT",10,,,
0x2037E55Cff7e635bD982689ff408F5aAd97BBb9B,Ponshare,2026-09-15 07:59,0x5fa695514ade9eD62c52F6D0b4042EEd85889921,0.050594090744678353,0xf42b73d2e4D3912EAdE2A5f7AB39b54064c2acEc,2026-09-15 07:55,cb163ea46a7906463e799413a467de319ffd1aee5983209399a6c972d197d1a9,434d13e2,PONSHARE,RBH,,329787.6664105304,,,,0.0305,0.078076,0.24525,0,0,"2026-09-16, 07:42 PHT",,,,,
0xE4F9c8F83703c85D894326D256f2F660Cc41615d,Paid,2026-09-16 06:20,0xf49C3B81fD0356cda8c655600F4574aD7463812D,0.01,0x002Fec11D5F9B6eC324f9c16b72B424AF8Be6069,2026-09-16 07:54,89112b7b6ec66c98507ba5bbc6f60f3f53e4c80e92fe02c215e5388169e51fc5,434d13e2,PAID,RBH,,206506.388582773,,,,2.2505,0.065750001,0.131808001,0.000000001,0,"2026-09-16, 06:31 PHT","2026-09-16, 06:32 PHT",50,,,
0x71D321f4B777766663fd8e36A60E7556598E532d,Dramnet,2026-09-16 05:55,0x98768892169A1B0947e9F4000943c24467791752,0.165120136655781183,0x331d9a049d496385998067abf6cbb6371c8d2466,2026-09-12 14:28,cf563b54d5334f3b28cd463fea2c7994d7c93873a26fee81b5b67e9a834bc15d,434d13e2,DRAM,RBH,,13282.3724440601,,,,0.0005,0.066678,0.132736,0,4,"2026-09-16, 06:00 PHT",,,,,
0xDddDD41F2Eb2949dA51E6A91aB1c96af44106CEA,Hood SZN,2026-09-16 06:16,0xeeD92cB4eAd6caE5272d97Cf721F9768b1f52286,0.001973984283483031,0x698dd6c03b50c3d4af12932a0388338bcdd3aaed,2026-09-16 06:15,79bd3a3a47c0614802ed1deea6070a84953445211d999a76f128c97f71bc60c6,d06348a6,SZN,RBH,,1588234.9484641,,,,0,0.066278,0.1595472,0,0,"2026-09-16, 06:39 PHT","2026-09-16, 06:41 PHT",50,,,
0x1bfD7056f5304fECf366D11726790F4fF3ef8AB0,TICKET,2026-09-16 06:19,0x22022Ac5FAAD3d4e324e045d54F8F9881d2680D0,1.101665905286779826,0x7b21629ca8098158ceb4a9b6243250ad407bd428,2026-09-16 06:19,a3fcce81ca12de34d2968c48ffd3fb71e83788e59c5ff049fe2a13944f597596,ca20cf82,TICKET,RBH,,637794.0496785478,,,,0,0.065712,0.133304,0,0,"2026-09-16, 06:37 PHT",,,,,
0x385F4f8ae47651ce5F58F5265395a669f8281e18,A Meme Coin,2026-09-04 04:30,0xA72a5B06927BADB020d235F5f43CE56507ab2399,0.207955561442248734,0x56c262027e0de4aea31d2489529cb25d23e58a8b,2026-09-03 02:20,f10f86b05965a827a332e6c73086f18026fbe3917f4bffbec3f938b3b5397b56,00000000,MEME,RBH,,63657174.01689051,,,,0,0.324452,0.931806,0,0,"2026-09-04, 04:43 PHT","2026-09-05, 11:22 PHT",10,"2026-09-05, 11:34 PHT",10,
0x6FaE4d6EF58E9a959Aef936cdCd93Ea19Abe6b12,Kabocoin,2026-09-16 07:21,0x2798e29A2C3C7517eFD37f6727374A74F30A1806,6.033670210038667011,0x69901b287d28a1c977097a20c4ffe750b0b7ee36,2026-09-16 07:20,a3fcce81ca12de34d2968c48ffd3fb71e83788e59c5ff049fe2a13944f597596,ca20cf82,KABO,RBH,,124005.84841014116,,,,0,0.065592,0.130544,0,1,"2026-09-16, 07:31 PHT",,,,,
0x0e73172cA6390fB0E16a8a0A3F9bca1113b336aE,foreskin,2026-08-31 05:49,0x411293c0B98268F1baFe784bE2a53f6D845E412D,0.062665334404836269,0xada5bb90d0de0bd1b6f3938708f49295a8d1f7cb,2026-08-31 05:24,a83f31fce5b3e72872b3119f64541cf1a5a636fcaa9282a3b592b4e81b0b27ea,77977f70,FORESKIN,RBH,,15522071.916302804,,,,0.058,0.209008,0.62982,0,0,"2026-08-31, 06:32 PHT",,,,,
0x6F0a83c01d7a866b0948257cB6045846384559F8,First humanoid fly,2026-09-16 04:58,0x35FB1eEd0C0c57E7eC29EAbEe96A87AFcb3F8B15,0.016154068800527048,0xd782268f600403843484b70710daee6846fc0db8,2026-09-16 04:42,eb98482ae49f3a0bf2aa6ec4347eee3c7fa18bf72b59320070a956af7a495fae,434d13e2,FLYER,RBH,,64711.8757494412,,,,0.0055,0.067776,0.150749,0,0,"2026-09-16, 05:54 PHT",,,,,
0xAFbdf80d8455cEddDd7635590C61c4F6Bf6010a2,Fossil,2026-09-16 06:02,0x294E1b9BE611d4CeAecF06758FFDEe4910E550F3,1.034330201401438114,0x7c0110c0d1bec8035e1153b273537873cf3552ad,2026-09-16 08:52,814e9f5a49ce609fed87afd42a7daf642e8580a81f95690ec9ba48fc67ada968,434d13e2,FOSSIL,RBH,,154902.04302444507,,,,0.009203310366264312,0.066432,0.13248,0,0,"2026-09-16, 06:08 PHT",,,,,
0x543927b1709124E1bE43Cd49453Fb34C77da2313,XPayDay,2026-09-16 06:19,0x0679626184519f7fCfbC12e8aA49f83219f7C176,0.119343341261998265,0x728f51950ff096dc03a48f5e83f45ac8bb75f500,2026-09-14 05:20,a3a651555bead37efeaee2448fce78f581f2f2f0ad016fa4906054bf7ce9b855,434d13e2,XPAY,RBH,,103533.36946476204,,,,0.0405,0.066310001,0.09491,0.000000001,50,"2026-09-16, 06:25 PHT",,,,,
0xF708a91B30Ffae94B217d5c388A072BFCa88313C,Bubble Pons,2026-09-16 04:32,0x025F4E3529C20c5D1e1a8cbf21217AA70766Fb1A,0.258004661524619528,0xf70da97812cb96acdf810712aa562db8dfa3dbef,2026-09-16 03:02,94f73158972ebce4352be196a840d5397f051db37abc0c04032630e8f94cd937,434d13e2,BUBBLE,RBH,,8170.377463359162,,,,0.2505,0.067818,0.200778,0,0,"2026-09-16, 05:24 PHT",,,,,
0x98c0FfCb9242fF17C7B64D5e90b256956729E85F,Rug Pull Is Not Cool,2026-09-15 16:17,0x6aEE96972f9EF5Fc96F320275aC1Bd9776fA3a8b,0.001476697800996321,0xf42b73d2e4d3912eade2a5f7ab39b54064c2acec,2026-09-15 16:07,e31c13bcbd1a41d7acdd1e8823a7b03953ce59f91c4fcdfb64d96122236c7122,1ccbb742,NO,RBH,,125972.199989883,,,,0,0.07031,0.1693008,0,0,"2026-09-16, 05:29 PHT","2026-09-16, 05:34 PHT",50,,,
0x080Ad0136eDe24Cc46AeFa11B7F648724bf71E18,Data Center,2026-09-08 10:55,0xe54569CE7Bc86F6DC88BA80476cA4EFA8e0A34F6,0.0111731843575419,0x4ef8f9034d649ce1ce4aac329d43e86997ffe08d,2026-07-11 07:00,f10f86b05965a827a332e6c73086f18026fbe3917f4bffbec3f938b3b5397b56,00000000,DATACENTER,RBH,,174455.511339924,,,,0,0.288788,0.872046,0,3494,"2026-09-08, 12:10 PHT",,,,,
0xC750bcdAe34cC578Ff17963bed40C5d9396fdC5D,styxx,2026-09-16 02:40,0x903540529C5085E47B049793790e5a856BFc0948,0.102680672460484497,0x56c262027e0de4aea31d2489529cb25d23e58a8b,2026-09-16 02:26,9ebe0116d05017c10fbe8af26dcbf17c5d129f2a21da01ae041a2c9c2e40588a,434d13e2,STYXX,RBH,,60465.30847878234,,,,0.0705,0.068082,0.204396,0,0,"2026-09-16, 05:36 PHT",,,,,
0x3A86234861299044Edc688589aEdC85FF09743D2,ROBOJENSEN,2026-09-16 05:32,0xA0Ec660dABb81f963490a49FCA8DF23B60EF543E,2.896370887476759711,0x16d956CED72A3d5e270c02840542914a9282C763,2026-09-16 05:31,a3fcce81ca12de34d2968c48ffd3fb71e83788e59c5ff049fe2a13944f597596,ca20cf82,ROBOJENSEN,RBH,,359185.0953212474,,,,0,0.067114,0.133616,0,1,"2026-09-16, 05:40 PHT",,,,,
0xC7A5eDBd6ABcbC40790A9036956B6C9d72BaACe8,Robinwood,2026-09-16 05:24,0x5Aed648a93Ee236B9D3E85DDD38304d63dCD544b,0.099055,0x88d25c861938a91af4ad57ad964a8fcc6c6351d3,2026-09-16 04:00,d77ff59bbfc26e97ab6174eedf063b201926d89b7795e415a45f5dd2bacdc075,434d13e2,ROBINWOOD,RBH,,155635.35638441922,,,,0.1005,0.068142,0.09759,0.001,0,"2026-09-16, 05:46 PHT",,,,,
0x25fc5d4618078455a292690b4Ad06e227453cb06,VLAD,2026-09-14 02:17,0xdD6225e9956e1B46dCA5F88349C910B20259Ea53,0.2,0x5f3eC8DaA23Dfa32C61cF5a283638EB3DA7714b5,2026-08-16 09:45,2dce9e7f8ddc9cdb9d5875ac53d936a9b779519e08a6d11067e0a98648c62b55,434d13e2,VLAD,RBH,,437119.7326561963,,,,0.0005,0.085240001,0.1207,0.000000001,1118,"2026-09-14, 02:48 PHT","2026-09-14, 18:44 PHT",100,"2026-09-15, 00:27 PHT",100,
0x77Be06f23FDbFad2DD7157242F5fAB6bB36a5635,Anything.Family,2026-09-16 04:51,0x99D3E8f6746128479bb4f4c9113E99b092E08794,0.03,0x616958dB450693F1260d9fAdee7dea154F6085cF,2026-09-16 04:41,86d69594203cc9bff4f1f9dd9ff19c171f4958b1c751299825b627ef943e8dd0,434d13e2,Anything,RBH,,64114.78733238689,,,,0.0205,0.068532,0.2,0,0,"2026-09-16, 05:50 PHT",,,,,
0x1a7EAEc7d9E7e5123416b7B29ae8bC9B57c00922,Lucky the cat,2026-09-07 07:04,0xcf5dBA61e7782837b615C2dBE03523D40Dc9a685,0.103775,0x88D25C861938a91AF4ad57aD964a8fCc6c6351d3,2026-09-07 07:00,36c241739758dce7679ce047d7469d9415f0a9d7ea44e29aef3d3cf0b6b88fae,434d13e2,LUCKY,RBH,,1509787.5735126012,,,,0.0005,0.412924,0.5756,0.05,2,"2026-09-08, 04:43 PHT",,,,,
0x0C9EF6d80e6279c3a214a5E3c7AaD4417e3d1e18,Corporate Wojak,2026-09-16 03:35,0x51649Ad75BBEF586b6Ff2Bce95C7D29827937d2E,0.016856312317328152,0x344daadde53a81f95bcc46a99d39107a509251a1,2026-09-16 03:22,f10f86b05965a827a332e6c73086f18026fbe3917f4bffbec3f938b3b5397b56,00000000,WAGIE,RBH,,218662.49034978627,,,,0,0.06875,0.204792,0,0,"2026-09-16, 04:12 PHT",,,,,
0xeD53f6a81b3a1547fDB676b91385Ec1373c519aD,idomain,2026-09-16 04:30,0xEa85CDcaD468211686eB1c6c4C71091f77024Ef6,,,,0e2dc774145f5af77512d92130f5ac968cb08ac273a3717a284dd69171865da1,434d13e2,idomain,RBH,,199190.99356695544,,,,0.0005,0.066932,0.13406,0,4,"2026-09-16, 04:37 PHT",,,,,
0x2ef6D1cc1b424c5393b7039F26FCd012b517f08b,ArcLaunch,2026-09-16 04:36,0x64206ad32bA2D9657eae7C1dDEE3C733Cbc94949,0.490439020185632266,0xabebf5881978f38a33e5ce1e25ab255b9d92b2b2,2026-09-16 04:26,e67a5e1d32eee64d39a704700f481dd116fe87a8f740cd9409c78e6ad404b460,92acb9ce,ARCX,RBH,,18406.594419003613,,,,0.1125,0.067422,0.203526,0,2,"2026-09-16, 04:38 PHT","2026-09-16, 04:47 PHT",50,,,
0x4Ed2692F5e108724A919De5FCbf267f231D5e333,Crossrate Markets,2026-09-13 21:01,0xA5f241Ea05862E3690e80444BceAEF9c9AaA4Be7,0.09816708,0xa5df4d576a72ddbbb4296614aaf58ed6696ebe61,2026-09-13 20:56,fb4dc2387c4d20bb2af657a620f2281ee62d5dba297842a03de97b3aa3b225c5,434d13e2,CROSSRATE,RBH,,1071981.3961102294,,,,0,0.082958,0.244926,0,1,"2026-09-13, 21:12 PHT","2026-09-13, 21:17 PHT",100,"2026-09-14, 04:18 PHT",100,"2026-09-14, 04:02 PHT"
0x1cDb289BeFDFaC8aF945a288BCdcCc382cB34d32,X Link,2026-09-14 01:57,0x86b72db77335D7c43d2E902fd1aC02686653aEDB,0.1077573,0x88d25c861938a91af4ad57ad964a8fcc6c6351d3,2026-09-14 00:53,843f562b1da0a02020ff94508e179e3c2e4d7679e7aaf68b112f2947acc5fdbb,434d13e2,XL,RBH,,3533416.667314839,,,,0.0005,0.084794,0.255036,0,1,"2026-09-14, 19:15 PHT","2026-09-14, 07:52 PHT",500,"2026-09-16, 06:01 PHT",500,"2026-09-14, 19:42 PHT"
0xe57287d086859C1d1DC1F1Af3271BbBbe2f0c071,AMC Preferred Equity,2026-09-16 04:11,0xc4969E1A01BF5BfceE5814046C512Aa91C98751A,,,,5f3e4b4f54c3ded48687243aa31e94703740472ce233df471609a4a319959f94,434d13e2,APE,RBH,,11500.953185589227,,,,0.0005,0.067128,0.137036,0,4,"2026-09-16, 05:02 PHT",,,,,
0x3AD2ad460be97324197E24D4702857946108b5CA,RobinGrid,2026-07-19 13:11,0x66855DeD01624E7453f3380Dd2D528E1e3a2941B,0.199994839712,0xc70652d7d4d42ce6e0fcab5bb699895d0fe55198,2026-07-19 13:09,a3fcce81ca12de34d2968c48ffd3fb71e83788e59c5ff049fe2a13944f597596,ca20cf82,RGRID,RBH,,3076.3322825088494,,,,0,0.061566,0.122816,0,3,"2026-07-19, 13:32 PHT",,,,,
0xf3081494B87e8D5fb7960f066E931D1D0e6E3d67,Bittensor,,,,,,6983b91b155ab944b82a17df7fb9f009d0362450242fefa16f81e383d78e28ab,8c1f36c7,TAO,RBH,,1510719.4100535407,,,,,,,,,"2026-09-04, 06:51 PHT",,,,,
0xbEF83DA2237be439d0BE0b50d452b89A6968B112,LootPad,2026-07-15 05:58,0x9608701dA2dcAE22f89d72dBa133167d15612bFB,0.063008188203531458,0xada5bb90d0de0bd1b6f3938708f49295a8d1f7cb,2026-07-16 19:44,d68dd5b0a88a6c6c78abb24b01bcdf8b823ddd697e5afa05875713437368ccbf,9d5d0278,LOOT,RBH,,,,,,0,0.053738001,0.108400001,0.000000001,0,"2026-07-16, 04:13 PHT","2026-07-16, 04:27 PHT",100,"2026-07-17, 21:56 PHT",10,
0x82b2ba014A18Adce19292818a90957D82124B1dc,ECHO,2026-09-16 03:14,0xAc9475b9161910736a6CEd34073E6B27b21d8911,0.10001218973729,0x020788731e69177cf6e3a5b394a31ce3301a7296,2026-09-16 04:09,e8f323e4a727241326a716fc761fc548ed48d0cfb2d0601a552bcf61d3ecd1f0,434d13e2,ECHO,RBH,,1836378.555791649,,,,0.0005,0.068672,0.138736,0,4,"2026-09-16, 03:53 PHT",,,,,
0x618B5a14bBDDc45278b33397f1C8fC98a9901E18,Rare Inu,2026-09-16 04:01,0xDBdb8F56ae130477377870ae470186af3e6D9990,0.2030241,0x88d25c861938a91af4ad57ad964a8fcc6c6351d3,2026-09-16 03:54,f10f86b05965a827a332e6c73086f18026fbe3917f4bffbec3f938b3b5397b56,00000000,RAREINU,RBH,,187673.88452586957,,,,0,0.118586,0.1465,0.05,1,"2026-09-16, 04:25 PHT",,,,,
0x8e391E95463d7d4eEc93C34507781A317b4C0aE2,underhood,2026-09-16 03:55,0x09d4aB9F78fD00A49e0F26bF9F0DdD15bCC8d0D3,0.005969852399057703,0xcffe8c36788188e5304498940a575f6c58d72bd3,2026-09-09 22:36,c85ddff99f29dfcd2176771d729ecb38cf0f68a3a2ad634fcfd8ddd9f4772a37,434d13e2,underhood,RBH,,72958.49098627524,,,,0.063317157203140858,0.067962,0.13578,0,41,"2026-09-16, 03:56 PHT",,,,,
0x2205c2232914f3A962fB25EdA51f2d063Dc9E532,Looping,2026-09-16 04:03,0x8887bF188c133068EF6a5Ff172a1a1955334Ddf3,0.06871696630717923,0x728f51950ff096dc03a48f5e83f45ac8bb75f500,2026-09-16 01:05,7f3f9a2a4c2550b88d5c6c52b2dc37a9c4d9bbdb97f151e38980d6bc51f33216,434d13e2,GG,RBH,,3539421.064639309,,,,0.018362838915470495,0.06739,0.135172,0,0,"2026-09-16, 04:19 PHT",,,,,
0xC5173ee3522DceF3685dB028f3bF125b1A294690,Evolving Brokers,2026-09-16 04:01,0x505362Fa4624c84f32F2Cfb6aD6d891eDF72Ea15,0.009905936725570328,0x2bb27b73c602643f42471d4751fe4fc4eebefbd1,2026-09-03 15:25,c10ce9ab1740659f91c1f88d6c71b0284fc74a9edb3ef62ecadc63de94b3e92d,434d13e2,Evolve,RBH,,72094.64668891825,,,,0.000500000000000001,0.068054,0.131531414,0,101,"2026-09-16, 04:04 PHT",,,,,
0x843401F5Df15bf73D50d0f73e929630388FA832c,Flare,2026-09-16 02:40,0xdB279690748486dD9cD40ba18752606b81F99CF8,0.15509476,0xcdd37ada79f589c15bd4f8fd2083dc88e34a2af2,2026-09-12 19:08,873f2eaaa0b5fbbf0e4fad189f106523a41f5f0c8ce5ad89d83f78241a47dffd,434d13e2,FLARE,RBH,,17743.0558861778,,,,0.017904817404817405,0.083868,0.160136,0,0,"2026-09-16, 02:41 PHT",,,,,
0xf0Fd79b056E5eE52fD178Eb086fe232545BfB0E5,RedditPad,2026-09-16 02:57,0x200F61D38651e3a6b428DFBE0AdDE8cb0CB457FF,0.058245394694933583,0xabb2acd3be814a80e502575d6c1dc5f789e9cd10,2026-09-16 02:53,d2d2fe31178ad4af44128528b4668d3d885fb1a5f81c92412f9afdc278fd0899,434d13e2,REDDITPAD,RBH,,51232.85265076587,,,,0.0005,0.067632,0.2,0,2,"2026-09-16, 03:01 PHT",,,,,
0x471ce4b9255E0dC19aa0480CEFf523Be0da3339d,HOP,2026-09-16 03:17,0x5c384AE8fEc01699533CFc6C05f821248Fa376b8,0.01,0x54dA49bF938a7D64B0B9Dd2Ef641f34a57A150F5,2026-09-16 04:21,8a66f878348c40d6ed44d17631e18a93502e22d99ae2210f220825cbc380ac53,434d13e2,HOP,RBH,,458650.093132854,,,,1.9505,0.068972001,0.135372001,0.000000001,0,"2026-09-16, 03:25 PHT","2026-09-16, 03:26 PHT",100,,,
0x8F5e88fE006017cDD9Fb53375c63AEC38af5CB1A,one stock can change your life,2026-09-16 03:15,0xfd217A5b8DFB20C64b6A3eF22DEaB9f2D5F904df,0.281035658095839492,0x2b71019269cee3618822ee5391dbeca782b0c0a5,2026-09-16 01:11,a00c4ee425a15cda82b8a5b4baf86f65125f0c4fba29a8025dc78fc72a1f590e,cc5793e7,STOCK,RBH,,351200.22799897386,,,,0,0.06793,0.13932,0,1,"2026-09-16, 03:23 PHT",,,,,
0xDF09eDb6B7C7de7c8472E243d78681b71aCEd3de,fren,2026-09-16 03:26,0xE16d8581e35E9F58F90a489b76150Fb71Ff0BC00,0.019779530704883626,0x69374f8233a4069d48f8994d84052ecae6277ef5,2026-09-15 04:00,42226f34e601bfb531075fd2ea2cd44475a4ceb1503ab812e195341491b5fdef,434d13e2,FREN,RBH,,828353,,,,0.0005,0.06745401,0.09779,0.00000001,0,"2026-09-16, 03:31 PHT",,,,,
0x946bC42AE24Ee1e1Aa69CF96dA5Dd1D2D41fc4C8,Hood World,2026-09-16 02:51,0x320D8215582D04b7F15518464a22eC0D986F22Bc,0.068329980599940734,0xca7ded7e4f4ba8ab3b10009236ae6d1b95094589,2026-09-16 02:50,c309583d9743e14608b529d68ddbe1cdf1f584026624825fe7ec014847703046,434d13e2,HW,RBH,,103769.80115483819,,,,0.0605,0.174638,0.54663,0,0,"2026-09-16, 03:35 PHT",,,,,
0xaF6BD6c1CB14Bf4EEC104e9110557134c1cdfEc9,Headhunt,2026-09-16 02:35,0xda94be3fdd2c1FE32AFBf01207EE0FD487BB8Bc3,0.09,0x53091256ebd2d8aa37b45536a5fd864ca764f32f,2026-09-15 08:16,fc2bd64b9d4a2acb08bf099053ac7435c92e036608a3ec2cceabd997c20e334e,434d13e2,HUNT,RBH,,75945.08505372427,,,,0.035846097201767305,0.067782,0.135828,0,0,"2026-09-16, 02:38 PHT",,,,,
0xCFB0D53FBde4510508aD43cBf892407188C93E54,Hypurps,2026-09-16 02:37,0x09869E12b264F7802d261da979469Ce86167356B,0.745478661068251857,0xf70da97812cb96acdf810712aa562db8dfa3dbef,2026-09-16 02:25,ca5a53734a0f86bd2a744daafafe642496817deebd06aec3b26fbd4d97c31230,434d13e2,HYPURPS,RBH,,65938.14219384194,,,,0.376137500000000008,0.308328,0.512716,0.1,0,"2026-09-16, 02:39 PHT",,,,,
0x0339f5459FC690aC85F1782e15782A151b4A9E1b,Robinhood Wallet,2026-07-10 09:02,0x542718C390Ef1E4bEB46ce2023FfaA627db8aa33,0.15,0xf718d37dbc25799f7cff04b5aacda94e87619649,2026-05-16 05:52,646bbad81f6d62173210c65e8f3d26f0c3ce337e37f1847b29d9a70bbf63813f,d1a3a4dd,WALLET,RBH,,72579076.29227324,,,,0.0005,0.047068,0.140268,0,71,"2026-07-11, 08:23 PHT",,,,,
0x8aa55FB0E7C0f0Ff5039d023095efb30eC9dD548,HOP,2026-09-16 02:35,0xf0a3836276bDC85c2CbE183eDA66AF71ae4D677A,,,,a8a056f2215670a164e82d0e25ec70ef572808cf5ba4ee4e0db8186727d1331e,4c983729,HOP,RBH,,,,,,1,0.06919404,0.08190732,0.00248204,0,"2026-09-16, 02:49 PHT",,,,,
0xb51343Ce13E7D44677FC44faF917fCf9C218D924,QuotronStrategy,2026-09-16 02:23,0x08a79e074e78F78bc4632F2b3F30413786bAc963,0.217932925086599947,0xd782268F600403843484b70710dAeE6846FC0DB8,2026-09-13 10:33,0b0f4aaf863a6c4ba3703246a93b9ba75da2b6f2d56cf1cfdd07220c973d58ab,434d13e2,QUOSTR,RBH,,539984.3465497299,,,,0.09456494960806271,0.133136,0.133136,0.133136,8,"2026-09-16, 02:46 PHT",,,,,
0xd7A4DAa1fFaA6CD3cE1fe0461C1C753887808C41,Realworld,2026-09-16 02:23,0xF9FF244Ac8D12C95E2fbFcCF51eaf1Ee593373Cf,0.040653,0x88d25c861938a91af4ad57ad964a8fcc6c6351d3,2026-09-16 02:15,9d7caae78f8eee8de7aef765c752c9c3a150b62d10034202dc0e8a91bff03584,434d13e2,RWRLD,RBH,,91822.34034061836,,,,0.0205,0.06816,0.199704,0,0,"2026-09-16, 02:27 PHT",,,,,
0x3df3644BCF4cE0d993E18C86c3080e53bFea06F1,Be like Jacob,2026-09-09 08:57,0xA60E892Ab5FBf4754E3052b7643E48A1bd6b3065,2.306490107942695165,0xf70da97812CB96acDF810712Aa562db8dfA3dbEF,2026-07-08 20:09,661f8e9d080fb9f256fd0798c0c548a80cb3e9dc2e66c75874767c1594127be5,434d13e2,Jacob,RBH,,7776417.612279493,,,,0.0005,0.225798,1.14611,0,70419,"2026-09-09, 12:54 PHT",,,,,
0xf8af0d49b1c3F7448B1fA1CAb9aA240597e6a775,plop,2026-09-16 02:59,0x196cFF776394c084E845A62CeB9449E35bc91978,0.0982211,0x88d25c861938a91af4ad57ad964a8fcc6c6351d3,2026-09-14 14:09,c9ff037b1116d19345c95a9ad14d1af9a3441714b01d9d5a6714d9122b1a82a4,434d13e2,PLOP,RBH,,68359.366449197,,,,0.0805,0.13574,,,0,"2026-09-16, 03:05 PHT","2026-09-16, 03:46 PHT",10,,,
0xD5b6B1BBbfac8004248B623CD7ec13a867CE76f4,morti,2026-09-16 02:14,0xadb8a7d8fD46C1bEa9BC19b5071bC00ea438ad74,0.006766987941010283,0x7f4723bd5895f73d53e3f22b85c738d91be54a6d,2026-09-10 13:50,b08ebeb7d8dd56229938c86fa6aea7c067a0554bde4cc50a584d2bc969945a56,434d13e2,morti,RBH,,75613.56501426677,,,,0.053654744641020918,0.06735,0.133372,0,16,"2026-09-16, 02:15 PHT",,,,,
0xF5051f07B69ef5874fb50D3f57dFb880451Fc844,GOLDENARROW,2026-09-16 00:34,0xA4f676d9Ab508E10F2cdF6D60341207641439E3c,1.9599618,0xA5DF4D576A72DdBBB4296614aAF58Ed6696EBe61,2026-09-16 00:32,df6fb3dec251a209ccbae70699de46c168e26b42b56da0441e8f1c36cc6bf96f,434d13e2,GOLDENARROW,RBH,,1575505.02807006,,,,1.5005,0.065468,0.197388,0,0,"2026-09-16, 01:46 PHT",,,,,
0x5F7E7c363fafb9ad72FD2A258CaAD2e76bE101ca,Seven Liquidity,2026-09-16 02:20,0x98dA0ee73E41D21fC9a0cdbdde1E85dbA5007E6a,0.087233,0x88D25C861938a91AF4ad57aD964a8fCc6c6351d3,2026-09-16 02:08,029d1c1ed8dc20c558a65bce664c4b8f7fb403a7d6fc0eae5a370a3c00e82374,434d13e2,SEVEN,RBH,,164245.15985251497,,,,0.026739750097618122,0.06678,0.133236,0,0,"2026-09-16, 02:23 PHT",,,,,
0xC6494fC80d40DCF96BCb4677E262abd99E45B78D,CudaPad,2026-09-16 02:38,0xd4B7d93df01879A30e3A70e336fa8fFA684CCc10,,,,a1f8e7d6df9d0604d616dc27b959e4b0c8073b14bd02ff703bdd52738f4827cc,434d13e2, CUDA,RBH,,387247.9814820495,,,,0.091655724362452504,0.069046,0.134072,0,0,"2026-09-16, 03:05 PHT",,,,,
0x26f4464A929e71124C6A7b5f043Cd67DCC016c09,Clarity Act,2026-09-15 05:03,0x42f2D51f1b26CCEff889D4563346C153709AB403,0.001477493593876438,0xa67d7eb4dc68fa6ce8e34ef8cadaf075b9893fbb,2026-09-15 03:16,e04b9190864b33d8d80f9fcb31cbb92c97656be4363286f655175a37a09d9fc0,533c11ff,CLARITY,RBH,,664225.4807906824,,,,0,0.074606,0.183144,0,0,"2026-09-16, 02:23 PHT",,,,,
0xEE544558a8FfF523a065eAA8a5c099209B883BA1,I Stand With Crypto,2026-09-16 02:10,0x8211cD5cc85dFf22C4E7591B5D303DA50B56e699,,,,31f2dcee2c8c1233fa008250365d47809e60231a4c7fddf8f0c0ebc7129c4495,434d13e2,ISWC,RBH,,1685737.7573255412,,,,0.1005,0.066724,2,0,0,"2026-09-16, 02:14 PHT",,,,,
0xFe031E9bb2cf19F84d1c92596EfF1CdF6Af931F4,Zoop.family,2026-09-16 01:03,0xB6BeAb45c4E67dFbEB704A1715827E4C3aB1A34B,0.05,0x53091256ebd2d8aa37b45536a5fd864ca764f32f,2026-09-16 00:57,e632e0d34cf93f2ab1f5a7db9a1c6857370487e9145f6a95f4206127f28f8958,434d13e2,ZOOP,RBH,,87795.6648025326,,,,0.0305,0.06951601,0.11510101,0.00000001,0,"2026-09-16, 02:19 PHT",,,,,
0x7A80b90e1c0e7365e7A71551791b539dF68b2ecF,Cast,2026-09-15 23:00,0x1C547ae0f915E6ecFAFb4295a2EE779028eD0535,0.366342883787639451,0xf70da97812cb96acdf810712aa562db8dfa3dbef,2026-09-15 22:17,afd1feee9ec422073bf1a356e810c72004b668d5141aca39aea68a8ab17118af,434d13e2,CAST,RBH,,131190.56346779517,,,,0.256247296670373435,0.06716,0.197364,0,0,"2026-09-16, 02:01 PHT",,,,,
0x0E6001CfA28dB76Cb2b368cef1571F5ED54FE853,Jesus,2026-09-14 05:35,0x65B05F31d0Bca537D4Ec104174d0A6B9A5Cf9A11,0.001478071807191019,0x18dd3c14e34c1bc379f7538068c59160d9f68e25,2026-09-14 03:57,bf27dd80f5773019e6e480b93427ea66570ac89973a9c54c2355dff32709c2fe,94446f9e,JESUS,RBH,,1940416.2733843178,,,,0,0.084566,0.2034432,0,0,"2026-09-16, 01:44 PHT","2026-09-16, 01:59 PHT",50,,,
0x07f9F6e6694308696246DA8A0a25a42F964CE3c9,NVIDIA LoRa,2026-09-16 01:35,0x8A60D5af5ca16Ee265849f49D6910D2c9A3Dba9F,0.79959069629335614,0x975c99ded82B17a9dA6e4a8dB8293A7a31161695,2026-09-16 01:35,a3fcce81ca12de34d2968c48ffd3fb71e83788e59c5ff049fe2a13944f597596,ca20cf82,LORA,RBH,,499233.78883174463,,,,0,0.066298,0.136692,0,0,"2026-09-16, 01:59 PHT",,,,,
0x5Bb6Bf53fc416908896780E1E5627d07DaFe6298,ANONZEAL,2026-09-16 01:01,0xB193F314aC1533CB6453e54EC6fA029cB773A146,0.01385759,0xa5df4d576a72ddbbb4296614aaf58ed6696ebe61,2026-09-15 23:37,21365bd6c533eacb780d665cdda0ef21889bc54e44396a47fee6f37090136e1d,434d13e2,ANONZEAL,RBH,,96079.7836863902,,,,0.0005,0.165526,0.722496,0,2,"2026-09-16, 01:39 PHT",,,,,
0x3731dDC63193a467bb787dca468eDB6C4d288e6e,Fun Coupons,2026-09-15 22:35,0x94E69E99909494dE8b78F4F28845b05db4af4509,0.01,0xdB2C5e8792029F27Cd378F273D07EDE963006734,2026-09-15 21:06,3ce1a0b11675e7fd1e6e5e03d05014b28589a15730b6369e8a253fcec4e0a91d,434d13e2,$FUN,RBH,,179359.36620924,,,,0,0.06701,0.200136,0,0,"2026-09-16, 01:47 PHT",,,,,
0xCA9fDA255c1196bBe48e5DaC47a787ACA403c0F1,ChipPurr,2026-09-16 01:27,0x8f3324d5EdE0c2225a1215F6b08e08ecB296186A,0.4,0xf8d9345e79d5062c64c890629f5303e77d385ade,2026-09-16 01:19,a3fcce81ca12de34d2968c48ffd3fb71e83788e59c5ff049fe2a13944f597596,ca20cf82,CPURR,RBH,,550559.8879506,,,,0,0.06798,0.134584,0,4,"2026-09-16, 01:56 PHT",,,,,
0xc5cC2FFba89F7d7bec2c4A0eeAf9aF8368820810,ARCPAD,2026-09-16 01:53,0xABEbf5881978f38A33e5Ce1e25aB255b9D92b2B2,0.11340641797814916,0xa5a5491bca93dd4c076e4906e79e7673f4a5a142,2026-09-16 01:44,fbdf967c79460e5ef4212472ebd2f57175597eed61b1784e9706db0ecd05a244,92acb9ce,APAD,RBH,,18781.787403397797,,,,0.1105,0.067526,0.20166,0,0,"2026-09-16, 01:55 PHT",,,,,
0xD5f1afEA47b1A9eab414D2ee740cF1d6d039E725,microduck,2026-08-27 19:24,0x0DABEE4B5983fb4B7d19cAea80eC54E7246Ce52d,0.01,0x77810be1a28584822c52b4cbe62793a6d275a936,2026-08-17 21:04,a206f367828bce1c7b8daa48597e29e2af4272cc371370156c3badf9f3931eaf,434d13e2,microduck,RBH,,50556884.93884631,,,,0.0005,0.135124,0.170024,0.1,182,"2026-08-28, 00:27 PHT",,,,,
0x89Dcdd21657488fA155bA1Bf9C20da390578DFaD,Sherwood Arena,2026-09-16 01:33,0x3eb6C9EAA35E8605E04145e175C089f28348ffe9,0.152,0xc630cbb5fde3e13b64eca3d641d37e4258b37317,2026-08-09 17:14,808b6f3d335d8ac897b3908e9484c6533cd4a68c0b856fdfa85ffd6dbe5e569a,434d13e2,SHWD,RBH,,231492.48334176204,,,,0.04780095,0.066556,0.206274,0,80,"2026-09-16, 01:45 PHT","2026-09-16, 03:57 PHT",10,"2026-09-16, 03:59 PHT",10,
0x5078B8a31EA44E9445f71B0CE6d68aF63A6d78ef,HOP,2026-09-16 01:34,0x10A9DB9014Ab9FAf0d6451fecd4da0769ce27217,0.0308,0x53091256ebd2d8aa37b45536a5fd864ca764f32f,2026-09-11 13:36,8b790527d2e3f5f0cdfc2c70c99775b3ad7165b7793f7bfaf24f03493b5b17d5,434d13e2,HOP,RBH,,675644.1897056105,,,,0.0105,0.068532,0.202248,0,7,"2026-09-16, 02:09 PHT",,,,,"2026-09-16, 03:05 PHT"
0x76d70beb4790c4599D8f95C07122b881D84b19CD,Brainless Hood Retards,2026-09-16 02:01,0x29C9F6D4bea2ee99C4aD75e7CA2d0c8A33D2F19B,0.000002787950528462,0x2b3a6938f42fb55e15344f8afbe8dafbd465f584,2026-09-16 03:44,e2711c3427d1845ee17dfb934c22199d65e46d56fed0ffd100bfaa624590cca2,434d13e2,RETARDS,RBH,,138635.53666594124,,,,0.0005,0.068758,0.134788,0,4,"2026-09-16, 02:06 PHT","2026-09-16, 04:10 PHT",10,,,
0xD469F594c7F9c9dE1E03Baf2d3A976f22f4166e3,Sats,2026-09-16 01:20,0x004313b27496D85Bd7a4E0a112E72979835DaDeb,,,,f9b533befa699901724374aa71a31222b0fc5f314f8b1c18273388f38f5753cd,434d13e2,SATS,RBH,,,,,,0.0005,0.066692,0.132748,0,5,"2026-09-16, 01:27 PHT",,,,,
0x6a73F76BE6da715150a023C1C36180B4dccF0D06,Liquora,2026-09-16 01:20,0x20BC6B4268007a7894F6499711b506FD93684a07,0.21824369555997358,0x370a7e2d300c14d79d4a7ee07aaca46c4b3012cf,2026-09-16 00:50,3ee9e2810b54fcafc103eee206d9546cbedd029480b09f674b132005de4e34ad,434d13e2,LIQUORA,RBH,,20334,,,,0.2025,0.066426,0.135564,0,39,"2026-09-16, 01:24 PHT",,,,,
0x7b618606b782DDEe486caB81232d0DE7bF64C3BF,commotitties,2026-09-16 01:01,0x15e4F11bAE089241c919A2Ba0df40342AE9c30c2,0.03,0xc1d5b91586d99fa48f7e2b8940bb5730e15de7aa,2026-08-15 03:22,197b56d934b072962e6f8905aa95a9d7fe082714c29188f966a20f6f912d6b14,3a54e58d,TITTIES,RBH,,99669.07801273637,,,,0,0.127138,0.1905,0,1,"2026-09-16, 01:26 PHT",,,,,
0x1249A3544FbdB3A81763550d3191DC3724F1D3eC,Froge,2026-09-16 01:03,0x837B17e34A931979aAD3c052FeAf1b73098b9953,0.553034,0x88d25c861938a91af4ad57ad964a8fcc6c6351d3,2026-09-15 23:47,b4f72afbc1796260cf295cfded3833ae34326d0f5cd48f45e0e7a70469c52aed,ca20cf82,FROGE,RBH,,1763823.6126761069,,,,0,0.148778,0.352512106,0.08002,3,"2026-09-16, 01:35 PHT",,,,,
0xFD64BE4dD50222bf14A7fA47043e204eBe6A3B27,Coin Aware Individuals,2026-09-16 01:07,0xD6124b64E2e0c16A257D4e814f5aa8963FFf990A,0.01,0x00Eb9AD9355E561c41011d8Cc1411fd3530d0d81,2026-09-16 02:26,48f1b754fb0d18f9a1aa51150549c25207d7e438b557031b255e580a83d27a10,434d13e2,CAI,RBH,,689773.1146200229,,,,1.9305,0.066472001,0.133760001,0.000000001,0,"2026-09-16, 01:26 PHT",,,,,
0x4c04014F60aF5dA0985041ad3dF1Fd4163FB6F60,robbin the hood,2026-09-16 00:57,0x77e08ba05029B45Ca29853364CeBBD0e2cb3522a,,,,7bdc4dc5414dba1d4698c514c58b4f599e57c54f2a202ba20045f203274e92c0,434d13e2,ROBBIN,RBH,,230813.38524548511,,,,1.8405,0.790386001,1.593416001,0.000000001,0,"2026-09-16, 01:22 PHT","2026-09-16, 01:25 PHT",100,,,
0xAa07A0e9209e16aC99708C3EC70159c6eF3128A3,Orbio.so,2026-09-01 06:33,0xbFAbE94A454947f0F98bC92D3e052413928B04B8,0.204314863264918314,0xadA5bb90d0de0bD1b6F3938708F49295A8D1F7CB,2026-09-01 05:26,6967503201be720876dceae3011b5190e0f37326daedf54492ebb7398a107c98,434d13e2,ORBIO,RBH,,43031580.45659371,,,,0.0005,0.4031,0.9937632,0,2,"2026-09-01, 07:10 PHT","2026-09-01, 09:56 PHT",100,,,